No.,レシピID,レシピ名,Hand順文章,1,2,3,4,5,6,7,8,道具名,動作ID,動作id2
1,8f95726c9cf6c0fc23b38b8a858b0318d631b770',ベーグルサンド,強力粉と小麦粉(薄力粉）をまぜる。,Kyourikiko,Komugiko,,,,,,,Whisk,A,a
2,2c394934e23ef8072e5edc9a3e82314bf57701a2',シュワしゅわヨーグルトケーキ,卵黄と砂糖を白くなるまで混ぜる。,Ranou,Satou,,,,,,,Whisk,A,a
3,ed4f81e0a05c77c078bd0b6a1c687f41452f2116',サバの味噌煮,だし汁、砂糖、醤油を混ぜて鍋で沸騰させる。,Dashijiru,Satou,Syouyu,,,,,,Ladle,A,a
4,fa327f045f3195d52e5d9ad3f06b30f2d316c89b',フレンチトースト第２戦,ボールに卵・牛乳・生クリーム・はちみつを入れてまぜ、パンをつける。,Tamago,Gyunyu,NamaKuri-mu,Hachimitu,,,,,Whisk,A,a
5,cc8ba712277fd5d75d0c18a49946b70d1bc25908',トマトにはいった和風リゾット,ほかほかご飯に、千切りのしそと、塩をまぜておきます。,Gohan,Aojiso,Shio,,,,,,WoodenSpatula,C,c
6,4721d979b19ee93ebd9918b424773e22090be5c7',パン・プディング,ボウルに卵を割りほぐし、砂糖、牛乳、生クリーム、バニラエッセンスを加えて混ぜ合わせ、ザルでこす,Tamago,Satou,Gyunyu,NamaKuri-mu,Baniraessensu,,,,Whisk,A,a
7,3097566ab30515720089a14815ea4e2cc8812a4e',鶏肉のから揚げ中華風,鶏肉は一口大にそぎ切り。ボールに入れて、しょうがとお酒を加え、よく混ぜる。,Toriniku,Syouga,Sake,,,,,,Hand,D,d
8,ec0785f05b75b52fbf0fb50311203b461d0a2e1b',冷しゃぶしゃぶしゃぶ,ごま油＆醤油と砂糖＆酢を２対１の割合で混ぜて作る。,Gomaabura,Syouyu,Satou,Su,,,,,Spoon,E,f
9,7ec78fb59c1c060fe4c6cd563daa75485ee90e2b',納豆のお好み焼き,ボールに卵、水、だしの素、塩少々を溶き、小麦粉を振り入れ、ダマがなくなるまで混ぜましょう。,Tamago,Mizu,Dashinomoto,Shio,Komugiko,,,,Whisk,A,a
10,35d46ad8f9425e881747ba7e0346ea90fb540cb1',オクラと玉ねぎのサッパリ和え,オクラ，玉ねぎを混ぜ合わせて小さな器に盛る,Okura,Tamanegi,,,,,,,LargeChopsticks,E,f
11,1b6418f13d75e1f350dd80877646d8fa97123a47',きゅうりとたこの韓国風サラダ,ボールに、砂糖・コチジャン・お酢・しょうゆ・白すりごま・ごま油をいれて混ぜる。,Satou,Kochujan,Su,Syouyu,Goma,Gomaabura,,,Spoon,A,a
12,56d4dbd8bc83d57f30958a191c70114be517090e',まぐろと長芋のあえもの,ボールに長芋と梅干しを入れて混ぜる。,Nagaimo,Ume,,,,,,,LargeChopsticks,E,f
13,4eb898ea451f522d0c7f9d5b2b615c0fcacc4410',にぎやかなオムライス,ボールに暖かいご飯を入れて、バター大さじ１、パセリを加えて混ぜる。,Gohan,Bata-,Paseri,,,,,,WoodenSpatula,C,c
14,396a2bea9b76b9f2b5c14c1f085e25c788a3605e,簡単辛い味噌ラーメン,ひき肉とトウバンジャンをよく混ぜます。,Minchi,Toubanjan,,,,,,,LargeChopsticks,E,f
15,958f9633d3b37ff4b495f946e3007aebe5105c99,パプリカマリネ,レモン汁とオリーブオイル、塩、胡椒を混ぜておきます。胡椒は荒引で、ローズマリーは胡椒と一緒にミルで挽くと適量が挽けます。,Remonjiru,Oli-buoilu,Shio,Kosyou,,,,,Spoon,A,a
16,cf0e10c29d6f5a366f8c31f660bcab6cca93ddd6,愛情いっぱい、フレンチトースト。,ボールに卵、牛乳、砂糖、バブラ・エッセンスを入れ、よく混ぜる。,Tamago,Gyunyu,Satou,Baniraessensu,,,,,Whisk,F,g
17,87e6c018bd2a6fc09dc7b9a2da1f91f4a9eb237b,ノンオイルマヨネーズ,卵と酢と塩と砂糖入れてまぜます。味を整えて、レンジで１５秒,Tamago,Su,Shio,Satou,,,,,Whisk,F,g
18,a8cc2558c49dbb5421bc5b936c2e20169380d8e0,ナスとピーマンの味噌炒め,"味噌と砂糖,みりんを混ぜて、よく炒めたナスとピーマンに絡めます。",Miso,Satou,Mirin,,,,,,Spoon,A,a
19,47ca12e43bcfcceb1e7d3fbbadbbd3826da26f64,鶏肉団子のミルクスープ,鶏ひき肉はボールに入れ、水大さじ1、塩、酒、こしょう、ごま油各少々を加えHandで粘りが出るまで混ぜ、鶏肉団子を作る。,Minchi,Mizu,Shio,Sake,Kosyou,Gomaabura,,,Hand,D,d
20,ba55b64b36e0c1f0d5fd0cc5cae8fb85f5e31037,マグロとアボガドのタルタル風サラダ,ドレッシングをつくる。オリーブ油、醤油、米酢、ねぎの芯を小口切りにしてよく混ぜる。ねぎの皮は白髪ねぎにする。,Oli-buoilu,Syouyu,Su,Negi,,,,,Spoon,A,a
21,ea452368dded9dc21a490e5f73d5f990a3dd6cb3,ちょっと台湾風かもしれないサラダ,ポン酢、ごま油、トウバンジャンをボールで混ぜます。ここに、香菜も一緒に入れて、混ぜ合わせてしまいます。,Ponzu,Gomaabura,Toubanjan,,,,,,Spoon,A,a
22,90209e69f522c01f2cf14412ed63a31523a3f238,たこたき風揚げどうふ,ボールにとうふ、長いも、卵、小麦粉を入れてよく混ぜ、だしの素、塩、こしょう、醤油、みりん（各少々）を入れ下味をつける。,Tofu,Nagaimo,Tamago,Komugiko,,,,,Whisk,F,g
23,ce32a6e06c803aa96cad8e55e6d99106e5901220,キムチ・チョパ,炊きたてご飯に酢とキムチ、ごまをよく混ぜる。,Gohan,Su,Kimuchi,Goma,,,,,WoodenSpatula,C,c
24,69b931c03bb1b030558d47701c6cd5f878c01da1,チーズスフレケーキ,ボウルにクリームチーズとバターを入れ、Whiskでクリーム状になるまで混ぜる。,Kuri-muChi-zu,Bata-,,,,,,,Whisk,F,g
25,491c5a2580941b1c4133fc398028caa4fd4df8eb,ツナときのこの簡単サラダ,きゅうりと、きのこと、ツナをボールで混ぜ合わせます。それをお皿の真ん中へ。上に大葉を乗せ、すりごまをかけます。トマトはまわりに並べます。,Kyuri,Kinoko,Tuna,,,,,,LargeChopsticks,E,f
26,8cc7aa647dc8dbd79f353b800bf217f005953f5d,チーズ入りおにぎりっ！,ご飯の半量に１の青じそと半量のチーズを混ぜておにぎりを２個作る。残りのご飯に半量のチーズと昆布の佃煮をのせておにぎりを２個作り、のり１／３枚を半分に切って巻く,Gohan,Aojiso,Chi-zu,,,,,,WoodenSpatula,C,c
27,af1f1b73e87e84283ad65840a692e1c0329e0d3b,ふんわりスコーン,ボールに薄力粉・ベーキングパウダー・バターを入れて混ぜ、さらさらの状態にする。（泡立て器で混ぜると簡単です）,Hakurikiko,Be-kinguPauda-,Bata-,,,,,,Whisk,A,a
28,1f4670c2e7f6f1516baa38df486fd3d5d1ffc331,スコーン,ボールに強力粉・ベーキングパウダー・お塩・バターを入れ、さらさらの状態になるまで混ぜる。（泡立て器で混ぜると簡単です）,Kyourikiko,Be-kinguPauda-,Shio,Bata-,,,,,Whisk,A,a
29,d81fb06f3ecc5f37b3a7cc0438fb908aa770a3b7,イワシの白蒸し,残りの大根おろしに生姜と大葉をみじん切りにして混ぜる。,DaikonOroshi,Syouga,Oba,,,,,,Spoon,E,f
30,6daaebd422be42bebfbddc727fd26476f8f38b51,ミートソース缶で炊き込み飯！,お米を洗い、いつもより少な目の水加減にしておきます。その中にミートソース缶を１缶入れ、少々かきまぜます。,Gohan,Mi-toSo-su,,,,,,,WoodenSpatula,A,a
31,d2c34b11dfeff3a548acdf93f5c7f41d5c2983ed,鮭炒飯,ご飯がぱらぱらになってきたら塩、胡椒で味をつけ、鮭を入れて混ぜ、次に葱を入れる。,Gohan,Shio,Kosyou,Syake,,,,,WoodenSpatula,C,c
32,b3f1cd08cdec95d22cbdb70f1353a0d4849ef2f0,しらすおろしとツナのスパゲティ,ボウルに大根おろしとしらす、卵黄、葱、醤油をいれて混ぜる。,DaikonOroshi,Shirasu,Ranou,Negi,Syouyu,,,,Spoon,A,a
33,a754e50352cc53e0ca0a6dadf8bdd60a3265a680,超簡単！さっぱりまぜ寿司,ご飯が炊き上がったら寿司桶にあけ、熱いうちにあわせ酢を混ぜいれて、うちわで扇ぎながら切り混ぜます。,Gohan,Su,,,,,,,WoodenSpatula,C,c
34,4ac37173e9db4a04f7e45c623d6c8e36e4bf8816,たらもサラダ,あら熱の取れたジャガイモに、たらこ、マヨネーズ、生クリームを加えて混ぜ、塩・胡椒で味を調えます。,Jagaimo,Tarako,Mayone-zu,NamaKuri-mu,,,,,WoodenSpatula,C,c
35,ab47caab73288834d558150c9f74044f84d99758,かぶとタコのオリーブオイル和え,ボウルにオリーブオイルとお酢、塩、砂糖を入れてWhisk（ドレッシング用）で混ぜ、よく混ざったら、タコとかぶを入れて和えます。,Oli-buoilu,Su,Shio,Satou,,,,,Whisk,F,g
36,4754b421afb3e29174d57dfd78ec1a7e2892df26,明太子パスタ,ボールに辛子明太子・バター・卵黄を入れよく混ぜ合わせ塩で味を整える,Mentaiko,Bata-,Ranou,,,,,,Whisk,A,a
37,48ef783509da6a7227cce9bc8f07dd0a180f2491,ホタテのオードブル,ボウルに油・酢・塩を入れドレッシングを作り、おろしタマネギ・明太子を混ぜておく,SaladaAbura,Su,Shio,Tamanegi,Mentaiko,,,,Spoon,A,a
38,424f6e98ab87e51d4333cafd3527dd217e2e1d1b,アプリコットケーキ,ボウルにホットケーキミックス・卵・牛乳・砂糖・バニラエッセンスを入れ、よく混ぜる,HotCakeMix,Tamago,Gyunyu,Satou,Baniraessensu,,,,Whisk,B,b
39,a71e2a2d0f67db5d3cf34ebb2420f83584f17f74,チーズオムレツのクレープ包み　ラズベリーソース,小さなボウルに卵と生クリーム、小さくきったカマンベール、塩、コショウしてよく混ぜます。,Tamago,NamaKuri-mu,Chi-zu,Shio,Kosyou,,,,Whisk,F,g
40,61601439b129512612a31d24147159a66a6d84fe,コ－ンパン,ホットケ－キのモトに牛乳/卵を加えてかき混ぜる。,HotCakeMix,Gyunyu,Tamago,,,,,,Whisk,F,g
41,d65823a40b5099e9c7af4e1f11388597c8a6acc5,生野菜のクリームチーズ和え,クリームチーズと醤油、酢を混ぜ合わせておきます,Chi-zu,Syouyu,Su,,,,,,Whisk,G,b
42,4e828aa273fbd294dd62367451fbb983c624d4b2,〇朝ゴハンなプディング,■（プディングだね）卵と牛乳と砂糖と塩をかき混ぜます。■パンはちぎります。面倒ならそのまま器にしいても。,Tamago,Gyunyu,Satou,Shio,,,,,Whisk,B,b
43,fe048f1182917d77e727d10441f76797876bf779,とり野菜,にんにくはすりおろし、鷹の爪は小口切りにし、お味噌とあわせて混ぜる。,Ninniku,TakanoTume,Miso,,,,,,Spoon,A,a
44,87521ad513b473966d9acc0de6a30a11039a0b83,和風ミートローフ,豚ひき肉をすり鉢に入れて、卵１個を入れ砂糖、片栗粉、醤油を加え、粘りが出るまですり混ぜる。,Minchi,Tamago,Satou,Katakuriko,Syouyu,,,,Hand,D,d
45,fc6993ed6e3fe28d7319ffe8a0e6117043f2a7f1,とっても簡単～レアチーズケーキ！,ボールに溶かしたバターを入れ、つぶしたクラッカーを加えてゴムべらなどでクラッカーにバターがからみ、しっとりするまで混ぜ合わせる。,Bata-,Kurakka-,,,,,,,WoodenSpatula,C,c
46,79eaccfbccbe605ab789b1a2639700798038ce80,黄桃の超簡単チーズケーキ♪,ボールにクリームチーズを入れ、砂糖を加えて良く混ぜ、更に生クリームを加えて良く混ぜ、チーズクリームを作る。,Kuri-muChi-zu,Satou,NamaKuri-mu,,,,,,Whisk,G,b
47,14d2e2cba9a7e473e05524d2038805448df9fe15,余ったパンの耳でしっとりココアケーキ,ボウルに卵を割りほぐしてココアとスキムミルク、砂糖、溶かしバター、ブランデーを加え混ぜ、木ヘラで練り混ぜる。,Tamago,Cocoa,Sukimumiruku,Satou,Bata-,Burande-,,,WoodenSpatula,E,f
48,220b8d3d5f0709c7b9eb408df858b98a5f85acec,ジャガイモと牛つくねの吹き合わせ,ひき肉と片栗粉、お酒、塩を混ぜ合わせる．,Minchi,Katakuriko,Sake,Shio,,,,,Hand,D,d
49,20e3f5c1e5c3f87c2970ae0edd2a1107a80483f6,ひじき肉だんごの甘あんかけ,ボウルにひき肉、１にひじき、長ねぎ、しょうが汁の半量、かたくり粉、塩、こしょうを入れHandでよく練りまぜ、一口大のだんごを作る。,Minchi,Hijiki,Negi,SyogaJiru,Katakuriko,Shio,Kosyou,,Hand,D,d
50,f9e5336f44caec2b7388974b741c66b38560fdfd,我が家のマンドゥスープ（水餃子）,ニンニクを一かけ、ネギのみじん切りを大さじ２杯、塩小さじ１杯、こしょう少々、すりゴマ小さじ２杯、ごま油小さじ２杯、を牛挽肉とよくまぜる。,Ninniku,Negi,Shio,Kosyou,Goma,Gomaabura,Minchi,,LargeChopsticks,A,a
51,3bcd1fe97162d02be76eca8c14e058799373cb84,チーズケーキOreoの誘惑,鍋に、卵黄、メイプルシロップを入れよく混ぜ、小麦粉を加えてダマにならないように混ぜる。,Ranou,MeipuruShiropu,Komugiko,,,,,,Whisk,A,a
52,a7e83178e43b8b76c08972df1849e3988f980dd7,きゅうりと山芋の短冊和え,短冊に切ったキュウリと山芋をさっくり混ぜます。あとは小鉢に盛り合わせて、わさび醤油をかけて食べます。,Kyuri,Yamaimo,,,,,,,LargeChopsticks,E,f
53,4be3c561e939996ec286024761f2acb089c79729,豆腐のサラダ・みそマヨ風味,みそとマヨネーズをまぜ合わせる。お好みでしょうゆを適量加えてもおいしいです。,Miso,Mayone-zu,,,,,,,Spoon,A,a
54,f74b230ff5d45044f0a478f07223d5fae2895444,アスパラガスとベーコンのQuiche,ベーコンを細めに切り炒めて、生クリーム、卵、ナツメグと塩こしょうと混ぜ合わせる。,Be-kon,NamaKuri-mu,Tamago,Natumegu,Shio,Kosyou,,,WoodenSpatula,F,g
55,772c0e6e49b12406dbb02d5af6332cce4a5ef198,形そのまま＊ほっくりスイートポテト＊,柔らかくしたバターに砂糖を混ぜ、卵黄、さつまいもを加えてよく混ぜ合わせる。,Bata-,Satou,Ranou,Satumaimo,,,,,Whisk,A,a
56,2fcacbb1b65fc93ac53109e6518f27faa30197ed,白身魚とマッシュポテトのグラタン,マッシュポテトを作ります。皮をむいてゆでたジャガイモに、熱いうちに塩、胡椒、バター、牛乳、パルメザンチーズを混ぜて練ります。,Jagaimo,Shio,Kosyou,Bata-,Gyunyu,Chi-zu,,,WoodenSpatula,H,e
57,9baa78473c48dcda84f947ec83c104595dcdfc48,えびのチリソース,トマトケチャップ、醤油、豆板醤、鶏がらスープ、水を混ぜておく。片栗粉と水大さじ1/2も混ぜておく。,Kechapu,Syouyu,Toubanjan,TorigaraSu-punomoto,Mizu,,,,Whisk,F,g
58,a36bcef37c9a8d5e3928ff80f16ce5502966adc5,自己流タンドリーチキン,カレー粉、プレーンヨーグルト、トマトケチャップ、おろしにんにく、おろししょうが、塩を混ぜる。鶏肉を一口大に切り、混ぜたつけ汁にいれて冷蔵庫で最低1時間ほどつける。,Kare-ko,Yoguruto,Kechapu,Ninniku,Syouga,Shio,,,Spoon,F,g
59,5da30e9ef7ae9a0a0f48f2c9cf8edc199434c248,いちご☆ショートケーキ,生クリームを柔らかく泡立て、ヨーグルトを混ぜる。卵白とグラニュー糖で堅く泡立てたメレンゲを加え、最後にいちごジャムとコアントローを混ぜる。,NamaKuri-mu,Yoguruto,,,,,,,Whisk,F,g
60,a4c1bcaa1907d335cccc77ae258d9e8ce52ca91e,ドーナツケーキ,ボウルにたまごを溶きほぐし、塩、グラニュー糖、を加えてよく混ぜる。,Tamago,Shio,Satou,,,,,,Whisk,B,b
61,80f43bc488333d10d425ddee51f222aaa24d0c8c,山芋の磯辺揚げ,山芋はすりおろし、大葉は細かく切り、洗って水気をきったアサリと混ぜ合わせ塩少々を入れる。,Yamaimo,Oba,Asari,,,,,,LargeChopsticks,A,a
62,a33c3e9909da440cb34b216bad1d6d1c72af3cb9,レンジで簡単！かぼちゃのチーズ和え,かぼちゃがやわらかくなったら、熱いうちに生クリーム少々、塩少々、とろけるチーズを入れ、つぶしながら､混ぜる。,Kabocha,NamaKuri-mu,Shio,Chi-zu,,,,,WoodenSpatula,H,e
63,67499c566340bf6309a977fda52e025ed23888ef,ここらで定番？！明太マヨスパゲティー,明太子はボールにほぐし、マヨネーズと少々のレモン汁を混ぜる,Mentaiko,Mayone-zu,Remonjiru,,,,,,Spoon,B,b
64,14facc3150298380eda2168a6e064fadc67c710d,うちのタコ焼き♪,タネを作る。ボールにふるった薄力粉&ベーキングパウダー、30度くらいのぬるま湯、卵、だしの素を入れ、Whiskでよく混ぜる。これでタネの出来上がりです。,Hakurikiko,Be-kinguPauda-,Oyu,Tamago,Dashinomoto,,,,Whisk,B,b
65,4fb70007387d0fec72f0050d9abbe457e0a5fdc4,簡単揚げ団子,マヨネーズとケチャップをよく混ぜ、綺麗なピンク色になったらパセリをふる。,Mayone-zu,Kechapu,,,,,,,Spoon,A,a
66,4fb70007387d0fec72f0050d9abbe457e0a5fdc4,簡単揚げ団子,合い挽き肉を粘りが出るまでHandでよく混ぜる。粘りが出てきたら塩・こしょう・卵・パン粉を入れ、よく混ぜる,Minchi,Shio,Kosyou,Tamago,Panko,,,,Hand,D,d
67,4f4c2feece87879da7c934a69c1f30a5da0087f1,よもぎ蒸しパン,ボウルに小麦粉（ふるわなくてもよい）、ベーキングパウダー、塩を入れ、Whiskでぐるぐると混ぜる。,Komugiko,Be-kinguPauda-,Shio,,,,,,Whisk,A,a
68,754e97c51e96869acce35874a32e58cc8cb0bd25,白菜と肉団子の煮物,肉団子を作ります。ボールに豚ひき肉、しょうがのすりおろし、卵、しょうゆ大さじ１、酒大さじ１、塩小さじ1/2、片栗粉大さじ３、ゴマ油小さじ１を入れ、粘りが出るまでHandでよくかき混ぜます。,Minchi,Syouga,Tamago,Syouyu,Sake,Shio,Katakuriko,Gomaabura,Hand,D,d
69,c4d7fed16f368fb0c36ff97be830ce478a5b98d6,にせもの？和風コロッケ,ジャガイモがゆだったらつぶして、炒めた挽肉と、きざんだ万能ねぎを混ぜ合せる。,Jagaimo,Minchi,Negi,,,,,,WoodenSpatula,C,c
70,17156345454271229d4dacf2489e1b1d896b6fc3,お豆腐のハンバーグ,塩・胡椒、挽肉と水切りした豆腐をボールで混ぜます。このとき、あればみじん切りしたネギや千切りしたシソをいれるとおいしくなります。,Shio,Kosyou,Minchi,Tofu,,,,,Hand,D,d
71,7f9468544e4a6715fb302e76a6411feef2de2391,ほっとするパンケーキ,ボールに卵を割りほぐし、ヨーグルトと牛乳を混ぜたもの、砂糖、バニラエッセンスを加えて、泡立て器で混ぜる。,Tamago,Yoguruto,Gyunyu,Satou,Baniraessensu,,,,Whisk,B,b
72,a51067f860d71fddaccef320fde7b331171d362d,ウィーンで食べた・ビーフカツレツ,ボールに卵、オリーブ油、パルメザンチーズ、塩を入れよく混ぜておく,Tamago,Oli-buoilu,Chi-zu,Shio,,,,,Whisk,F,g
73,aa9a1f32aca557ca2bb17b1a06cd5078f1ae45d8,外はパリパリ中はジューシー！ザ・焼き餃子,キャベツを微塵切りにし、軽く絞って・みじん切りしたニラ・挽肉と混ぜ、塩　こしょう　醤油　にんにく　ごま油を入れよく混ぜる,Cyabetu,Nira,Minchi,Shio,Kosyou,Syouyu,Ninniku,Gomaabura,Hand,D,d
74,f022fdbf2b620a933d5e91e146e06952f1e1f5d9,野菜の芯・茎と卵のやさしいスープ,卵を溶かし、砂糖・塩・牛乳・チーズを入れて混ぜ、熱したフライパンにバターを入れ、スクランブルエッグを作ります。,Tamago,Satou,Shio,Gyunyu,Chi-zu,,,,LargeChopsticks,B,b
75,ec223d3087fddb7c57f8e7f8d767cbbd87afd95c,豆腐餃子,水切りした豆腐はボウルに入れて崩し、挽肉・大葉・生姜・塩・胡椒を入れて粘りが出るまでHandでよく混ぜる。,Tofu,Minchi,Oba,Syouga,Shio,Kosyou,,,Hand,D,d
76,3961d60e1bbceb68c9179435b30b0ad815115ed5,しいたけの鶏ひき肉詰め煮,玉ねぎはみじん切りにして鶏ひき肉、塩、こしょうと混ぜる。,Tamanegi,Minchi,Shio,Kosyou,,,,,LargeChopsticks,A,a
77,1ced59bc06e82c39561c9a0a90c54242219f9b47,プルコギ風の肉炒め,ごま油、砂糖、しょう油、にんにく、コショウ、唐辛子を混ぜ合わせる。,Gomaabura,Satou,Syouyu,Ninniku,Kosyou,Togarashi,,,Spoon,A,a
78,c159857d9333648124a9441273c5fb910d5deaaa,とりにくと新じゃがの豆板醤炒め,豆板醤・お酒・しょうゆ・鶏がらスープの素・はちみつを先に混ぜ合わせておきます。,Toubanjan,Sake,Syouyu,TorigaraSu-punomoto,Hachimitu,,,,Spoon,A,a
79,58f2885230a3bf097c5cf846511cb8cabd3098d3,木の芽のおひたし,マヨネーズ、みそ、からしを混ぜる。,Mayone-zu,Miso,Masuta-do,,,,,,Spoon,A,a
80,487bd2c11284c1603e4782192b0e665fcefea798,キャロットサラダ,マヨネーズに塩・こしょうとレモン汁を混ぜます。,Mayone-zu,Shio,Kosyou,Remonjiru,,,,,Spoon,A,a
81,ee7339e81575b83d1786d277a2647a09072923d3,冷たいトマトミルクスープ,トマトジュースと牛乳を混ぜる,Tomatoju-su,Gyunyu,,,,,,,Whisk,F,g
82,51a62a794766c80f6a4cbfa327841155ff985ed9,オーブントースターで作るお豆腐ケーキ,水切りしたとお豆腐をボールに入れてくずし、砂糖・卵・オリーブオイル（サラダ油）をよく混ぜ合わせる。,Tofu,Satou,Tamago,Oli-buoilu,,,,,WoodenSpatula,C,c
83,bdbd1e321269027c06d732869b12366d7f849617,揚げ団子の甘酢あんかけ,ひき肉に刻んだ長ねぎ、おろししょうが、塩小さじ1/2、水大さじ１、片栗粉大さじ１を加えてよく混ぜ合わせ、だんごに丸めておく。,Minchi,Negi,Syouga,Shio,Mizu,Katakuriko,,,Hand,D,d
84,8a76c628afa22d7e22bae5154889c0815ac82cef,チヂミ風お好み焼き,お好み焼き粉に水、卵を加えて泡立て器で混ぜる。,Okonomiyakiko,Mizu,Tamago,,,,,,Whisk,F,g
85,0b5e79f08f2fec8084e4299690bf75fe1cd021bf,ちくわの中華あんかけ,ボールに水・醤油・オイスターソース・砂糖・片栗粉を全部入れ、よく混ぜ合わせておきます。,Mizu,Syouyu,Oisuta-So-su,Satou,Katakuriko,,,,Spoon,A,a
86,4829ed4f5ae590d69e50f5052f89da05b22befa9,白身魚のハーブパン粉焼き,パン粉にパセリのみじん切りとにんにくのみじん切りを加えて混ぜます。これにオリーブオイルを全体がしとる位に入れて、よく混ぜておきます。,Panko,Paseri,Ninniku,,,,,,LargeChopsticks,A,a
87,2d2bd48f0b066cf7105307cae1c533cbeea7600a,タンドリーチキンもどき,カレーパウダーと塩を混ぜ合わせます。そこに 鶏モモ肉を加え肉にしっかりとカレーパウダーをかわませてください。,Kare-ko,Shio,,,,,,,Spoon,B,b
88,ddbdbe286643afe848adf3974a211bb89a611277,ガナッシュチョコレートケーキ,【ガナッシュクリームの作り方】＊生クリームを鍋に入れ、沸騰させて刻んだチョコの上からながしいれ、よく混ぜ合わせて溶かす。,NamaKuri-mu,Chocole-to,,,,,,,Whisk,A,a
89,e6882bbfd6f0ea4a5572077d5164a7bca596267f,スペアリブ味噌風味,ボールに味噌、蜂蜜、種をとった鷹の爪、ローズマリー、酒､醤油をまぜあわせ、下味をつけたスペアリブと白ネギを入れてHandでもみ込む。,Miso,Hachimitu,TakanoTume,Rosemari-,Sake,Syouyu,,,Spoon,A,a
90,17bd3d2d2ada4ff9ddc55276ea66c2a2ae8a9b41,豆腐と鮭のコロッケ,豆腐をボウルに入れて細かくつぶし、鮭、たまねぎ、しょうゆ、塩、こしょう、片栗粉を加えて混ぜる。,Tofu,Syake,Tamanegi,Syouyu,Shio,Kosyou,Katakuriko,,Hand,D,d
91,94cd7380db49fbc657294e4827172d56daec823f,大根のマヨネーズサラダ,大根の水気を絞ったら大根に マヨネーズ、からし、ごま油、ゴマを加え良く混ぜ合わせて下さい。,Daikon,Mayone-zu,Masuta-do,Gomaabura,Goma,,,,LargeChopsticks,I,e
92,bc10aaa384d8ac7dc3393e85a89d4a0721d4d7b4,トマトをおかずに！,ボウルにツナ缶、ねぎのみじん切り、おろししょうが、酒、味噌、醤油、こしょうを加えて、よく混ぜる｡,Tuna,Negi,Syouga,Sake,Miso,Syouyu,Kosyou,,Spoon,F,g
93,fe8a6688308a3418ba6fad3ba59e0b7dff78915d,もやしとワカメのマヨサラダ,マヨネーズ、ごま油、お酢、しょうゆ、ゴマを混ぜあわせドレッシングを作ります。,Mayone-zu,Gomaabura,Su,Syouyu,Goma,,,,Spoon,B,b
94,041d4ac8bc18a90c7af0ac8a78b76439f5381767,夏野菜と豚肉のみそ煮◆おふくろの味風◆,合わせ調味料を作る。ボールに、みそ、みりん、酒、水、だしの素、切りゴマを入れ、泡立て器などでよく混ぜ合わせておく。,Miso,Mirin,Sake,Mizu,Dashinomoto,Goma,,,Whisk,F,g
95,db2bd623b6f41398a7e5faf7887532a63ffa6a22,▽▲肉蒸しパン▲▽,＜生地を作る＞卵をほぐし、砂糖･牛乳･油･塩を入れまぜる。薄力粉･ベーキングパウダーを合わせて振るい入れ、さっくりと混ぜる。,Tamago,Satou,Gyunyu,SaladaAbura,Shio,,,,WoodenSpatula,C,c
96,770dbd56b5ce2e39ff62209ed6adfb3900a58f7c,うちのが一番！こま切れ肉の麻婆豆腐,牛こま肉に、砂糖、酒、ごま油、水、片栗粉を混ぜて２０分くらい下味をつけておく。,Gyuniku,Satou,Sake,Gomaabura,Mizu,Katakuriko,,,LargeChopsticks,I,e
97,50453145ca6454d5f74c28422cd7c5ed68d66d11,ぐりとぐらのケーキ,ボウルに卵、ホットケーキミックス、ミルク、砂糖を入れ、泡立て器でよくまぜる。,Tamago,HotCakeMix,Gyunyu,Satou,,,,,Whisk,B,b
98,187a41d4053aeb6f6e5f7052e58907e6076db36a,オレンジピールのブラウニー,溶けたバターとチョコレートを泡立器でよく混ぜあわせ、しっかり混ざったら三温糖を加え良く混ぜる。,Bata-,Chocole-to,,,,,,,Whisk,F,g
99,1fa342efe5dc9a73c5d3236aeb374bf1cffa089d,牛肉のねぎ炒め,牛肉は一口サイズに切り、ねぎは1cmくらいの斜め切りにする。これらをしょうゆ、酒、ごま油の合わせ調味料に混ぜ合わせ下味をつけておく。,Gyuniku,Negi,Syouyu,Sake,Gomaabura,,,,LargeChopsticks,C,c
100,45738763f6eb14d345fdc427844e4de834717095,ひじきの煮物入り「和風コロッケ」,ボウルにジャガイモと、同じ量くらいのひじきの煮物を混ぜる。（上の方を選んで。汁の染みこんでいる底の方はだめ）小判型に固める。（油がもったいないだけだから、俵型でもいいです）,Jagaimo,Hijiki,,,,,,,WoodenSpatula,C,c
101,371e1c6b3776df6937b5d46ed7ede73e69a4a715,おはぎもどき,ご飯、砂糖、片栗粉を良く混ぜる。,Gohan,Satou,Katakuriko,,,,,,WoodenSpatula,C,c
102,23357edc61f9d77c37122b5826aa1c8d28bcfb6e,団子☆チリッ！,ボールにひき肉･卵１･塩コショウを入れ粘りが出るまでよく混ぜる。玉葱･生姜汁･片栗粉を入れさらによく混ぜる。混ぜたら、Handのひらに分量外の油をぬり、団子を作る。（丸める）,Minchi,Tamago,Shio,Kosyou,Tamanegi,SyogaJiru,Katakuriko,,Hand,D,d
103,9e3def1593fbb7d279db37ffdf6916a486c5a1d9,お弁当に明太卵焼き,ボールに明太子をほぐし入れ、卵、お酒、醤油少々、マヨネーズを加えて混ぜ合わせる。,Mentaiko,Tamago,Sake,Syouyu,Mayone-zu,,,,Spoon,B,b
104,406030fb699afbe61a82cd5e536e32bd23bd498a,スタミナ　レバニラ炒め,下記のタレの材料を混ぜ合わせる。しょう油大さじ２・砂糖大さじ１・酒大さじ１・ごま油大さじ１・コチジャン大さじ１/３・すりゴマ１/３,Syouyu,Satou,Sake,Gomaabura,Kochujan,Goma,,,Spoon,A,a
105,b032d6c23670b6199bc4a6842060213b617e4637,簡単おやつ春巻き,さつまいもは蒸し、裏ごしして溶かしバターを加えてよく混ぜ合わせます。,Satumaimo,Bata-,,,,,,,WoodenSpatula,H,e
106,1e024a85d4c989b5ca7c9605fe1c7e9a0d920876,きゅうりのみそマヨ添え,小さ目の器にマヨネーズ、みそ、にんにくを入れて混ぜる。きゅうりを皿に盛って出来上がり。,Mayone-zu,Miso,Ninniku,,,,,,Spoon,A,a
107,1e0f75a67b2a93f5c5ddc4c802274817de8f482c,スナックえんどうとツナのサラダ,ツナ缶は水気を切ってボールに入れます。塩と酢を少量と、胡椒を多めに、マヨネーズを加えて混ぜます。,Tuna,Shio,Su,Kosyou,Mayone-zu,,,,Spoon,B,b
108,2265a467f371e1683ff65564ea63f947a4816e96,きゅうりのマスタードサラダ,塩・粒マスタード・玉ねぎのみじん切り・オリーブオイル・酢・こしょう・パセリのみじん切りを混ぜる。,Shio,Masuta-do,Tamanegi,Oli-buoilu,Su,Kosyou,Paseri,,LargeChopsticks,E,f
109,824a78edd541778462447cc3086e08b10db8cbd3,りんごとレーズンのサラダ,ヨーグルトとマヨネーズを混ぜ、ソースを作る,Yoguruto,Mayone-zu,,,,,,,Spoon,B,b
110,6f2f5155b6e8df0d1da446d66e8b9c61bd47c598,ローズマリースコーン,"生クリームと牛乳,ローズマリーを加え､ヘラで切るようにしてまぜ、1つにまとめる。台に打ち粉をして生地をのせ､麺棒で1.5㎝厚さにのばし､型で抜いてもいいし､ナイフで３角形に切り分けてもいい｡",NamaKuri-mu,Gyunyu,Rosemari-,,,,,,WoodenSpatula,C,c
111,53cac1f8817caddc0e62fdaedd4bbfa8a344b23f,長芋の梅肉和え,長芋に梅肉、大葉を混ぜて出来上がり,Nagaimo,Ume,Oba,,,,,,LargeChopsticks,F,g
112,249d2925f011a27ede475ac2bd8ded816afc029e,チーズとろ～り！卵ふわふわ♪オムカレー,卵に生クリーム、砂糖、塩少々を入れ、かきまぜて、オムレツをふわふわに作ります。,Tamago,NamaKuri-mu,Satou,Shio,,,,,Whisk,B,b
113,5b60d163d0fb5e3e7e55556c2ce2b8e0fb049e7f,しいたけ★明太マヨソース,マヨネーズ、薄皮から取り出した明太子、レモン汁を混ぜてソースを作る。,Mayone-zu,Mentaiko,Remonjiru,,,,,,Spoon,B,b
114,6296363536675cf9208981dcea4ac43f3067c265,カステラ,ボウルに卵黄を入れてほぐし、サラダ油、ハチミツ、牛乳を加えて、よく混ぜる。,Ranou,SaladaAbura,Hachimitu,Gyunyu,,,,,Whisk,F,g
115,adbe1d9f245a2c89ef507a00211e3d387a15c2e5,肉団子の甘酢あんかけ,ボウルに挽肉を入れ、豆腐、ねぎ、しょうが、卵、塩、コショウ、片栗粉を入れ、粘りが出るまでよく混ぜる。,Minchi,Tofu,Negi,Syouga,Tamago,Shio,Kosyou,Katakuriko,Hand,D,d
116,d2d54dec32c5384bd75677afd775fa845405051c,オクラ納豆,器に納豆・おくら・長ねぎ・めんつゆを入れてよーく混ぜて出来上がり。,Natou,Okura,Negi,Mentuyu,,,,,LargeChopsticks,B,b
117,7f4629bd0f5b8baa81fb3f09081d4939d995e655,ツナバーグ･ピーマンづめ,"ボールに油を切ったツナ缶と,タマネギ,卵,パン粉,しょうゆ,コショウを合わせてよく混ぜます。",Tuna,Tamanegi,Tamago,Panko,Syouyu,Kosyou,,,LargeChopsticks,B,b
118,ae54b071e29b0ba3c57935436dceaa0424c41a83,☆ツナとキュウリのマジうまサンドイッチ☆,キュウリの水気をよく切って、ツナ缶と混ぜます。そこにマヨネースを味見をしながら入れていきます(あまり入れすぎないこと！)そのあと辛子を少し入れます(私は納豆のパックについてくる小さいヤツを入れます),Kyuri,Tuna,,,,,,,LargeChopsticks,B,b
119,4f7caabda801646af016b1d85fd02c9ad5bec250,★Handmade タコス★,＜トルティーヤ生地の作り方＞ボールに薄力粉200g、水300cc、ベーキングパウダー小さじ１、塩ひとつまみを入れ、泡立て器でダマにならないようによくかき混ぜ、それを油をひいたフライパンに入れ、薄く両面焼けば出来上がり。（水の量は様子をみて加減して下さい）,Hakurikiko,Mizu,Be-kinguPauda-,Shio,,,,,Whisk,B,b
120,1aac91f8a3526c28ad5342b163912452ed5e7592,シーチキンちらし,シーチキン、卵、酒、しょうゆ、砂糖をフライパンに入れて、かき混ぜながら、ぼろぼろになるまで炒める。,Tuna,Tamago,Sake,Syouyu,Satou,,,,LargeChopsticks,A,a
121,ef8b7366a22311ab869ea2f775ad6cdfa781aac2,ひじき丼！,少し大きめのボールにご飯を入れ、ひじき、納豆を混ぜる。,Gohan,Hijiki,Natou,,,,,,WoodenSpatula,C,c
122,41587e97c2786e3e10f98f95082c438627f0fa82,鶏のから揚げヴァリエーションＡ（ねぎごまソース）,みじん切りにしたねぎを、酒大さじ1、しょう油大さじ2、砂糖大さじ1、酢大さじ1、ごま油少々、炒りごま適量で混ぜソースを作ります。,Negi,Sake,Syouyu,Satou,Su,Gomaabura,Goma,,Spoon,A,a
123,74dcb9f93e221359e37544731a8894874bbc503d,じゃがいもでカレーパンもどき！,じゃがいもの入ったビニール袋に上新粉と牛乳を入れてよく混ぜる。（牛乳の量は固さを見ながらいれていく）生地を１０個くらいに等分して、バットに並べる。,Jagaimo,Joushinko,Gyunyu,,,,,,Hand,D,d
124,1b2599d006160a7a25654b144847abb61bc3b7e2,アップルパウンドケーキ！,ボールに砂糖，ヨーグルト，塩を順に入れ混ぜ合わせ、皮をむいたりんごはすりおろしながら混ぜる。,Satou,Yoguruto,Shio,,,,,,Whisk,B,b
125,e1973113e5a0524193e9990efc83768592dde930,あっさりとまとの蓮根団子,水気を切った蓮根に塩、小麦粉、片栗粉、とき卵を入れ混ぜ合わせる。,Renkon,Shio,Komugiko,Katakuriko,Tamago,,,,LargeChopsticks,I,e
126,c91607614b1b1c42399b5abd4b7e11dbb3b56519,納豆スパゲティ,茹で上がったスパゲティをボールにあけて納豆と和えます。梅干しとシソをいれてさらに混ぜ合わせます。海苔があったら、盛り付けた後にかけると、さらにおいしいですよ。,Pasuta,Natou,Ume,Aojiso,,,,,LargeChopsticks,I,e
127,6f0324df53a783fa6657df28f64a8741a737f1c9,そぼろじゃが,鍋にサラダ油をひき、挽き肉を入れて中火にかける。LargeChopsticksでかき混ぜながら、ぽろぽろになるまで炒める。,Minchi,,,,,,,,LargeChopsticks,E,f
128,e4281437cc4fca4e8e0fd54b484e8dc3a2f6cbfc,豆腐グラタン,卵を溶いて、牛乳とまぜる。塩と胡椒で味を付ける。,Tamago,Gyunyu,,,,,,,LargeChopsticks,B,b
129,51cc05fb4959283ccaae6df54683e0f198218939,黄桃とキャベツの甘いサラダ,キャベツをボールに入れ、マヨネーズをボールの中心から渦巻き状にグルグルと入れる。砂糖とレモン汁を加えよく混ぜる。,Cyabetu,Mayone-zu,Satou,Remonjiru,,,,,LargeChopsticks,I,e
130,2b3dc892bb5a90ba9cb35db991c755fe4c0d9886,爽やかスタミナご飯,種を取った梅肉をみじん切りにしてご飯に混ぜ込み、ゴマを加えます。,Ume,Gohan,,,,,,,WoodenSpatula,C,c
131,f37c0093da7f8f4fbed5fac59ff4d342190ad1e7,ダイエット？チーズケーキ,チーズ、生クリーム、牛乳、豆腐を混ぜ合わせる。次に小麦粉、砂糖を足してミキサーで滑らかになるまで混ぜる。最後にレモン汁をいれて軽く混ぜ合わせる。,Chi-zu,NamaKuri-mu,Gyunyu,Tofu,,,,,Whisk,B,b
132,b02b6ad5439ddaeb9b282fff07c01fd42691d033,さばの包み焼き,味噌の中に、砂糖、みりんをいれよく混ぜ、小口切りにした細ねぎを加えてよく混ぜる。,Miso,Satou,Mirin,Negi,,,,,Spoon,A,a
133,4a1dc6a89893a9f4951be68a1a7d84d457c8a434,にらの卵炒り,にらは５ｃｍ長さ、肉は短冊切り、しょうがはみじん切り、ねぎは斜め切りにする。卵は割りほぐし、塩を入れて混ぜておく。,Nira,ButaNiku,Syouga,Negi,Tamago,Shio,,,LargeChopsticks,A,a
134,7e6a5657600717aede71131f6db21d194a592edd,バジルのスパゲッティ,フライパンにオリーブ油大さじ２、にんにくと鷹の爪を入れて弱火で熱し、香りが出たらスパゲッティを加えてよく混ぜ、塩とこしょうで調味する。火を止めたらバジルを混ぜて出来あがり。,Oli-buoilu,Ninniku,TakanoTume,Pasuta,,,,,LargeChopsticks,A,a
135,24af99d4677bee7787f44db74c32bb6efa11aa8f,ホットケーキミックスでスフレ！,ボウルに黄身、牛乳、ホットケーキミックスを入れ、粘りがでるまでよく混ぜる。別のボウルにメレンゲを作り、ミックスのボウルに入れてさっくりと混ぜる。,Ranou,Gyunyu,HotCakeMix,,,,,,Whisk,A,a
136,0e43681c68f45de01506a410b55a31975b6bd91e,揚げ豚のごまみそがらめ,ボールにごま・みそ・醤油・酢・にんにく・しょうが・水を入れてよく混ぜる。,Goma,Miso,Syouyu,Su,Ninniku,Syouga,Mizu,,Spoon,B,b
137,48c51cfb0b350ae6b22801d402750dc6da750ade,レンコンのはさみ揚げ,鳥挽肉、みじん切りにした生姜，ねぎ、ごま油、塩胡椒を良く混ぜます。,Minchi,Syouga,Negi,Gomaabura,Shio,Kosyou,,,Hand,D,d
138,80e960100f7c9001134b981dc763e1ffba3523a0,バジルーノペペロンチーノ,湯が沸騰したら塩を多めに入れ、パスタをバラバラと入れる。くっつかないように始めは少し混ぜる。ゆで時間は表示の時間マイナス１分。,Oyu,Shio,Pasuta,,,,,,LargeChopsticks,A,a
139,4d89d5402a2288a673655471b260c423aaf464c7,すぐに本場の味！海鮮チジミ,ボールに小麦粉を入れ、水５００ｃｃ（分量外）を加え、LargeChopsticksなどでこねないように混ぜます。準備したシーフードと野菜を入れ、ひと混ぜ。,Komugiko,Mizu,,,,,,,LargeChopsticks,C,c
140,cbfc999e0067f01268f3e2962c79358c31da5046,ナスのみそマヨグラタン☆,みそ、マヨネーズ、ヨーグルト、水、コショウを合わせて混ぜ、みそマヨソースをつくります。,Miso,Mayone-zu,Yoguruto,Mizu,Kosyou,,,,Spoon,A,a
141,bd711e7d4dd163024acdbbe172d74933cd6937bd,いもきんつば,"ボールに水を入れ、薄力粉と塩をふるい入れて、泡立て器でまんべんなく混ぜて衣を作る。""",Mizu,Hakurikiko,Shio,,,,,,Whisk,F,g
142,8e75ce1daacfe2e241d151f8cb138eeaf373acca,レンコンはさみ揚げ！,ボールに鶏ひき肉、塩・コショウ、酒、みじん切りのねぎ、摩り下ろしたレンコン、パン粉を入れて、よく混ぜる。カナリ柔らかいタネですが、柔らかすぎるときはパン粉を多めにいれて調節してください。,Minchi,Shio,Kosyou,Sake,Negi,Renkon,Panko,,Hand,D,d
143,feb0d370fb87d2a190d13756c399fe686a0c65be,我が家の簡単♪おやき風(^o^)丿,卵をときほぐし、お好み焼き粉、塩・こしょう、水を混ぜ、にらとキャベツ、豚肉も加える。,Tamago,Okonomiyakiko,Shio,Kosyou,Mizu,,,,Whisk,A,a
144,dfd37dc16215d108366c850cb05fa008179acb0c,はす蒸し,おろしたれんこんに卵白、塩を入れて混ぜる。,Renkon,Ranpaku,Shio,,,,,,LargeChopsticks,F,g
145,9eaf680b3cbba2cb45b1b8696ae66b4c03e32a58,鶏肉のマヨネーズ揚げ,上新粉、小麦粉、パセリのみじん切りをボールに入れてよく混ぜたのち、１のHand羽元に１本、１本にまんべんなくまぶす。,Joushinko,Komugiko,Paseri,,,,,,Whisk,B,b
146,1359aab436590fdb926142dba47b69da22f7193c,よもぎもち,上新粉と砂糖をボールに入れ、よく混ぜる．そこに熱湯を入れ、はしで混ぜる．さわれるようになったら、Handでこね、耳たぶ位の柔らかさにずる．それを棒状に、まとめ、均等の大きさにする。,Joushinko,Satou,Oyu,,,,,,LargeChopsticks,F,g
147,3569740b6b9f26907512e347489c44db090f3673,ねばねばサラダ,ボールに長いも、おくら、梅干をいれ、よく混ぜ、ホンダシの素を加え、さらに混ぜ込む,Nagaimo,Okura,Ume,,,,,,LargeChopsticks,A,a
148,e9137cb4950f9cc46026381acabd9964f66f0feb,給料日前の贅沢!? Hagiko's Sweet Pad Thai,鍋にだし汁を強火で煮立て、薄口しょうゆ、酒、みりんを加えてひと混ぜする。ひき肉をたわら形に整えてだし汁に入れていく。煮立ってきたらアクをすくい取る。,Dashijiru,Syouyu,Sake,Mirin,,,,,Ladle,A,a
149,5f541d3d89697bd3371e485482773c3647125cd6,母が教えてくれた鶏と卵の丼。,だし汁、みりんと醤油はかき混ぜて1/4に分けておく。そしたら、それを鍋に入れる。強火で。,Dashijiru,Mirin,Syouyu,,,,,,Ladle,A,a
150,ffd821664d39d0a85452a4174772a8818dc42bd8,野菜入りふわふわチキンナゲット！,ボールに鶏肉、卵、パン粉(大さじ2)、塩（小さじ1/2、こしょう少々を入れてよく混ぜる。野菜も加え、カレー粉とパルメザンチーズを加え混ぜる,Toriniku,Tamago,Panko,Shio,Kosyou,,,,LargeChopsticks,A,a
151,634cb20a41178c425f52623fae3b81858dd9dd73,鶏とアボカドで…チリ・マヨ?アジアン丼,鶏肉に片栗粉と小麦粉を混ぜて、揚げます。ご飯の上にレタスをしき、揚げた鶏肉とアボカドをのせて、チリソースとマヨをかけます。,Toriniku,Katakuriko,Komugiko,,,,,,LargeChopsticks,I,e
152,63e680eb8edc7c3097a268a238ee1c2a4d8aaba2,オクラと豚肉の和え物,豚肉・オクラ・胡麻・ポン酢を混ぜ、器に盛ってできあがり,ButaNiku,Okura,Goma,Ponzu,,,,,LargeChopsticks,I,e
153,9b1462110f1506f3164d09360df6cf0681af7495,蒸し鶏のポン酢和え,ポン酢しょうゆとマスタードを混ぜてたれを作る。レタス・トマトは適当な大きさに切る。,Ponzu,Syouyu,Masuta-do,,,,,,Spoon,B,b
154,913f016d5167eea59c1b43a11d048536351bb993,豚キムチさわやか風,豚こま切れとキムチはボールに一緒に入れてよく混ぜ合わせたら10分程度おいておきます。,ButaNiku,Kimuchi,,,,,,,LargeChopsticks,I,e
155,ea2dc62d9ff7ac624b3f145616053baccecafb43,キュウリのキムチ和え,キムチとキュウリを混ぜる。,Kimuchi,Kyuri,,,,,,,LargeChopsticks,I,e
156,3ea6e468f8c21cca49c2840fc4c44d6a1f055aa5,簡単ミートボール,ボールに挽肉・玉ねぎ・きのこ・卵の黄身・スープの素・コショウを入れHandで良く混ぜ合わせます。,Minchi,Tamanegi,Kinoko,Ranou,TorigaraSu-punomoto,Kosyou,,,Hand,D,d
157,596d18bc3dfd2cd831206d304ad6045fc526575f,納豆の焼揚,長ねぎ・きのこ類は薄切とみじん切りの生姜・にんにくと納豆と混ぜます。,Negi,Kinoko,Syouga,Ninniku,Natou,,,,LargeChopsticks,A,a
158,a3bc2bee29e36467004925d171d3297b1c4b8db7,梅しそトンカツ,梅干は種を取って千切りにした青じそと混ぜておく。,Ume,Aojiso,,,,,,,Spoon,G,b
159,ab554c0b108b752560c052026b29d75687e8d0af,夏バテ防止チュッパイご飯！,ボールにご飯、青じそ、梅干し、胡麻を加え切るように混ぜる。,Gohan,Aojiso,Ume,Goma,,,,,WoodenSpatula,C,c
160,4b37aa19744439a95227ce06365d1f0ebc2b1abc,ﾀﾞｲｴｯﾄ★とんかつ,小さめの容器にﾄﾏﾄと青じそを入れ、ﾚﾓﾝ汁、しょうゆを加えてよく混ぜ合わせる。,Tomato,Aojiso,Remonjiru,Syouyu,,,,,Spoon,A,a
161,7311a8cec7ff40f0c77bd0e5f63b969bfc1ac15b,ほくほく新ジャガのミーとソース和え。,ミートソースとじゃがいもを混ぜて好みの大きさにつぶす。,Mi-toSo-su,Jagaimo,,,,,,,WoodenSpatula,C,c
162,a39cc2d70cf16bf147e567907b1e614e801b58aa,ミートソースでキーマカレー,ミートソースに、お好みで、カレー粉を加え混ぜる。,Mi-toSo-su,Kare-ko,,,,,,,LargeChopsticks,A,a
163,cc2c123f04aa81d7ed254d78f22046079ea09e6d,しらすチーズオムレツ,卵をボールにわりほぐししらすをいれてかき混ぜる。しらすの塩加減によって塩・コショウを好みの量入れる,Tamago,Shirasu,,,,,,,LargeChopsticks,A,a
164,09defeae19b21762f74da24afa3b7604b5df71e2,しらす入り卵焼き☆,ボウルに卵を割って入れ混ぜたら、冷ましただし汁・酒・砂糖・醤油・塩・しらす・小ネギを入れよく混ぜます。,Tamago,Dashijiru,Sake,Satou,Syouyu,Shio,Shirasu,Negi,Ladle,A,a
165,608b73972e8a9eb0c599a9b67700880039938fe9,コンソメ香る♪たらこスパ,パスタを茹でている間に、ボウルにたらこの皮を削いだものとバターとを良く混ぜておく。 (皮の食感が嫌いでなければ細かくして一緒に混ぜちゃってください☆),Tarako,Bata-,,,,,,,Spoon,B,b
166,b3018c3bcdf2902fe4d562a52993258fe51cfa61,キャラ弁　ちびまる子ちゃん,熱々のご飯にたらこ、バター、醤油を混ぜて肌色のおにぎりを作ります。こんな風にちびまるこちゃんの顔の形に成型。,Gohan,Tarako,Bata-,Syouyu,,,,,WoodenSpatula,C,c
167,57bea86b8898e4bce275eab3a3603472eacfb867,とろろ～んタラモのグラタン,じゃが芋をつぶし、とろろ、たらこ、マヨネーズを混ぜる。味を見て塩コショウを適量加える。,Jagaimo,Nagaimo,Tarako,Mayone-zu,,,,,Spoon,A,a
168,6626d85bcb8d2a1e12a1c98054bb1180bfe68401,魔王のレアチーズケーキマンゴーの宮殿,＜土台づくり＞バターをレンジ600W20秒でチンしてとかす。ボールに粉々に砕いたクラッカーを牛乳大さじ1でしとらせ、溶かしバターと混ぜる。型にこれ、ラップで上からギュッギュッとおしながら平らに入れる。オーブン180℃で10分焼く,Kurakka-,Bata-,Gyunyu,,,,,,WoodenSpatula,E,f
169,d36bc16acd378c843d1e53fbd8fbc95bce8d7e72,アメリカ南部のサーモンコロッケ,玉ねぎ、ベルペッパー、パセリ、こしょう、卵、クラッカーを入れよく混ぜます。,Tamanegi,Kosyou,Paseri,Tamago,Kurakka-,,,,LargeChopsticks,A,a
170,a43d8feda9651134c0b49a4d5b54bf8629d48730,★コココーヒートースト★,カップなどにお湯を少々注ぎ、そこにココア、コーヒー、隠し味の練乳を混ぜてペーストを作る。(コーヒーは最後に入れたほうがあとで香りが出ます！),Oyu,Cocoa,Coffee,Rennyu,,,,,Spoon,A,a
171,a3a96f3c31de84558f7190671c05a3011c61b865,簡単☆チョコバナナマフィン,ボウルにホットケーキミックスを入れ、ココアパウダーを加えて泡立て器で混ぜる。,HotCakeMix,Cocoa,,,,,,,Whisk,F,g
172,2d449d7ef1b40a7647a938d2e69985fd196b4bca,スフレチーズケーキonプリン,生クリーム、レモン汁、ブランデーの順に加え、そのつどよく混ぜる。,NamaKuri-mu,Remonjiru,Burande-,,,,,,Whisk,B,b
173,cbc64f1fa38a0fe2a465aa57eb689463f88f710c,スタイリッシュなゼリー×寒天,ゼラチンを戻している間に、砂糖B・インスタントコーヒー・水100mlを鍋に入れ、ブランデーを混ぜて火にかける。,Satou,Coffee,Mizu,Burande-,,,,,Whisk,A,a
174,8014ae6afa45ab95629a371bc3a20d01877646be,アーモンドのスクエアケーキ,バターを室温に戻し、砂糖、卵、ブランデー、バニラエッセンスを加えてよく混ぜる。,Bata-,Satou,Tamago,Burande-,Baniraessensu,,,,Whisk,F,g
175,390aba6607798884d039569f044b3ecf336e8f40,ヨーグルト?メイプルシロップがけ＊,ヨーグルトにメイプルシロップをかけて、混ぜ混ぜして召し上がれ＊,Yoguruto,MeipuruShiropu,,,,,,,Spoon,A,a
176,d3dff1c7bc6e86695fb9a6de9ba5b9615f809d30,ふんわり香る♪メイプルスコーン,メイプルシロップ・牛乳・生クリームを加え、ドレッジまたはゴムベラでさっくりと混ぜ合わせる。,MeipuruShiropu,Gyunyu,NamaKuri-mu,,,,,,WoodenSpatula,F,g
177,042e941079a672ab294ac9a27858da20444a72f6,昆布茶が決めHand♪おから入り?ポテ?サラ,じゃがいもが熱いうちにボールに入れ、マッシャーで潰しておからとベーコンを加えて、よく混ぜる。,Jagaimo,Be-kon,,,,,,,WoodenSpatula,I,e
178,bcfbfe4368c481e5084b0c09b292136882ceade2,低カロリーで美味しい～白菜と肉団子鍋,ボウルに木綿豆腐、長ネギ、豚ひき肉、塩．こしょう、ナツメグを加えてよく混ぜ合わせ、適当な大きさの小判型にまとめる。,Tofu,Negi,ButaNiku,Shio,Kosyou,Natumegu,,,Hand,D,d
179,08c7929f0ac2517003148b019bf27779ac37e9d9,グリンピー揚げ,ケチャップにお好みでナツメグを混ぜる。,Kechapu,Natumegu,,,,,,,Spoon,A,a
180,f86c17d9b3e03301a79c991ab8079d0540e5ba5f,プルクデール（インドネシアのコロッケ）,じゃが芋を熱いうちに潰し、小口切りにした長ネギ、くずしたスープの素、胡椒、ナツメグを加えて混ぜ、さらに卵黄も加えます。,Jagaimo,Negi,TorigaraSu-punomoto,Kosyou,Natumegu,,,,WoodenSpatula,H,e
181,54b67bdb3b56c7dc0ba86d9970ab052fb8013d37,トマト☆アサリの冷たいパスタ,パスタとアサリを混ぜお皿に盛り付けて大葉を散らし完成☆,Pasuta,Asari,,,,,,,LargeChopsticks,A,a
182,ba2dadc4e0875a90a1037288fa41c3536aad2969,バター風味?あさりの酒蒸しde混ぜご飯,アサリを殻からはずし、汁ごと温かいご飯に混ぜる。バターとほんだしを加えて混ぜ、味が薄ければ塩を少し加えて完成。,Asari,Gohan,,,,,,,WoodenSpatula,C,c
183,daa27cd106972b4e5e144e4f1cf8865689151162,かぼちゃサラダ　～お弁当にも～,かぼちゃが温かいうちに塩、胡椒、マヨネーズ、を入れ混ぜる。,Kabocha,Shio,Kosyou,Mayone-zu,,,,,WoodenSpatula,H,e
184,9014e27bcbf554f924501a028773d1fd936befc9,かぼちゃコロッケ?モッツァレラチーズ入り,蒸してマッシュしたかぼちゃに塩、マーガリン、パセリ、片栗粉を加えて混ぜる。,Kabocha,Shio,Margarin,Paseri,Katakuriko,,,,WoodenSpatula,H,e
185,5d02da104e56125529e4ac380a8a695f95a873a1,ご飯の友！オモニの激ウマたらこ♪,たらこの上に大葉、唐辛子、醤油、ごま油をのせて優しく混ぜます、味をみて自分好みに調整します。,Tarako,Oba,Togarashi,Syouyu,Gomaabura,,,,Spoon,A,a
186,297716e33e75fac8d6f4801dd1be9313bee73cf3,小松菜のナムル,ボールに・ごま油・塩・炒りごま・輪切り唐辛子を入れて良く混ぜる。※個人的にゴマは多めが好き,Gomaabura,Shio,Goma,Togarashi,,,,,LargeChopsticks,F,g
187,69c8efcf47c9f061f9d6e9fb9486820c95e6ec1a,ゴールド＆ピンクのカクテル,プレーンヨーグルトとトマトジュースを良く混ぜ合わせる。,Yoguruto,Tomatoju-su,,,,,,,Whisk,B,b
188,707ef7591c15896400496ed27c0e6e4d751a8270,トマトのシフォンケーキ,【準備】①トマトジュース、蜂蜜、サラダオイルをよく混ぜ合わせて置く。②薄力粉、ベーキングパウダーは合わせてふるって置く。③オープンは余熱有りで180℃に温めて置く。,Tomatoju-su,Hachimitu,SaladaAbura,,,,,,Spoon,B,b
189,ae854edaa8094a16b9af10c8ac65b950da327b4e,豚挽肉のピリ辛炒め♪,赤味噌・酒・みりん・砂糖・オイスターソース・豆板醤を混ぜ合わせておく。堅いようだったら水で、ペースト状に。野菜は食べやすい大きさにカット。しょうが、ニンニクはみじん切りに。,Miso,Sake,Mirin,Satou,Oisuta-So-su,Toubanjan,,,Spoon,F,g
190,472dd2f774dd336d9ee6d4d6591313d8b2ece09f,ささみとにんにくの芽の中華風炒め,みじん切りにしたネギ、にんにくとオイスターソースを混ぜておく。,Negi,Ninniku,Oisuta-So-su,,,,,,Spoon,B,b
191,c95f4aa80ef8ea0f293f16f9ed85a428a7d3fe1d,海老チリ,ソースを作る：ケチャップ・オイスターソース・水を混ぜ合わせる。,Kechapu,Oisuta-So-su,Mizu,,,,,,Spoon,F,g
192,631fba816a2257ee466901e1342ca80ab4d4d372,大根サラダ,水に軽くさらして。ボールにツナ缶の油を切っていれる。大根とツナを混ぜ合わせる。,Tuna,Daikon,,,,,,,LargeChopsticks,E,f
193,c9b2b5e6d16c99e1f17f56368c1e9d809a87b7c7,大根とツナのサラダ,ボウルにツナを入れほぐし、酢とマヨネーズを入れ、大根を加えてほぐすようにまぜる,Tuna,Su,Mayone-zu,Daikon,,,,,LargeChopsticks,A,a
194,330c3ab94aef04557db53c930cf9113565286c3c,ツナDE３色どんぶり,卵にめんつゆ少々をいれ、よくかき混ぜ、フライパンでいり卵を作る。いんげんは、塩茹でして、食べやすい大きさに切りそろえる。,Tamago,Mentuyu,,,,,,,LargeChopsticks,F,g
195,250b6d5501500c4cb5d60e57ed5c9702d8fe1b52,簡単胡麻和え,ボウルに酒とめんつゆをいれ、ゴマを入れて混ぜる。蒸しあがった野菜をそのまま入れて混ぜる。,Sake,Mentuyu,Goma,,,,,,LargeChopsticks,A,a
196,706fef3416d7ccbe697b5e4521c8c70a0c81b1af,★チョコレートパウンド★,メレンゲを作る。卵白にレモン汁を２～３滴入れてかるく角が立つまで混ぜる。○の砂糖を加えてしっかり混ぜる。,Ranpaku,Remonjiru,,,,,,,Whisk,B,b
197,a91799af36eba8ced696dcebc67de413053a18a3,バレンタインにお勧め♪フリアン,ボールに卵白と砂糖を加えしっかり混ぜ合わせます。ホイップするくらいがいいでしょう。,Ranpaku,Satou,,,,,,,Whisk,F,g
198,3ff09ced56108d73000cce0ba10d0cd0821a92aa,ツナとトマトで豆腐グラタン,豆腐を一口大、トマトをさいころ型に切ります。ボールにトマト、ツナ、チーズを入れてお好みで塩コショウを加えて軽く混ぜます。,Tomato,Tuna,Chi-zu,Shio,Kosyou,,,,LargeChopsticks,I,e
199,3e8d1dbf9ef68a86c64c556284044e68c7dbf191,てんぷら粉ケーキ,マーガリンと砂糖、卵を混ぜる。ヨーグルトも入れて混ぜる。キレイに混ざらないけどOK気にしない,Margarin,Satou,Tamago,,,,,,Whisk,F,g
200,164598bae1fb872f7dd414d88bbb9c3f0590f235,息子のおやつ（パン耳蒸し饅頭？）,かぼちゃはチンして解凍し、皮をとり熱いうちに砂糖、マーガリンを加えてよく混ぜる。,Kabocha,Satou,Margarin,,,,,,WoodenSpatula,I,e
201,c8c8cd7358a652c880a92dc207df302bb150a6c6,トマト風味さっぱりカルボナーラ,ボウルに卵をほぐし、生クリーム、牛乳、チーズ（細かく切る）、塩・こしょうを入れ、混ぜる。,NamaKuri-mu,Gyunyu,Chi-zu,Shio,Kosyou,,,,WoodenSpatula,F,g
202,3a5c7ac7ccbb9d0838b172a63a68e6e7dd07da1d,簡単！炊飯器でスポンジケーキ,卵黄にサラダ油と牛乳を入れて混ぜます。,Ranou,SaladaAbura,Gyunyu,,,,,,LargeChopsticks,B,b
203,afa3cefd7ed4ebc1ec067ac7d902e7871f749c09,プリンケーキ　Ｃａｊａｓｓｅ（カジャス）,ボールに小麦粉を入れ、砂糖・卵・バター・牛乳の順に加えてはWhiskで混ぜます。,Komugiko,Satou,Tamago,Bata-,Gyunyu,,,,Whisk,B,b
204,c2e6d92bbd7f080c14d51dd5af7cae7d51895842,えっ！ほんとにういろう？,小麦粉、砂糖、に水を少しずつ加えダマがなくなるまでSpoonでよーく混ぜる。さらにあずき缶を全部いれて混ぜる。,Komugiko,Satou,Mizu,,,,,,Spoon,A,a
205,85ce6c6a01bb8912cf5f233757a59e4bfe0e26cd,ネギたれ,醤油２：酢２：水２：砂糖１の割合でまぜまぜする。,Syouyu,Su,Mizu,Satou,,,,,Spoon,A,a
206,c0b98b5eaea8f6f7cb5b131acfe35a9d3c9f0444,とってもリッチなカスタードプリン,＊カラメルの作り方＊鍋に砂糖，水、レモン汁を中火にかけて時々混ぜ合わせていきます。砂糖が溶けたら火を強火にし、カラメルが茶色になるまで混ぜながら沸騰させます。（焦がし過ぎに注意）鍋を火から下ろし，型に流します。,Satou,Mizu,Remonjiru,,,,,,Whisk,A,a
207,cc6de3990b000252234d651c4f95c21573892de3,チーズパフ～(^O^),鍋にバターと水を入れて、火にかけ、煮立ったら小麦粉を加えて、WoodenSpatulaで混ぜながら、１０秒くらい中火にかける。,Bata-,Mizu,Komugiko,,,,,,WoodenSpatula,E,f
208,5fd0e4cb7f4ac5a6cb46fb47d2959b8954f16057,簡単!おいしい!ミルクくずもち,鍋に片栗粉、砂糖、牛乳を入れ、よく混ぜ火にかける。,Katakuriko,Satou,Gyunyu,,,,,,WoodenSpatula,F,g
209,3b4750e5185a5991ad28ba8601590891c30d3c6c,まだ寒い日に...味噌ちゃんこ,豚挽き肉に、ねぎのみじん切り、生姜しぼり汁、味噌、こしょう、片栗粉、酒を入れてまぜ、水を少しずつ加えてよく練る。,Minchi,Negi,Syouga,Miso,Kosyou,Katakuriko,Sake,,Hand,D,d
210,646b34faf7c2f1ddaa3f61a97c953a85ed151298,白身魚の鉢蒸し,あらかじめ、醤油・酒・ごま油・片栗粉各小匙１を混ぜてつゆを作っておきます。白身魚（種類は問わず）は皮と骨を取り除き一口大に削ぎ切りし、醤油・しょうが汁・酒少々で下味をつけておく。卵はよく解きほぐす。,Syouyu,Sake,Gomaabura,Katakuriko,,,,,Spoon,A,a
211,d9c71c3381864aa561192f0ab6dcf0c1f6a4e824,れんこんの変わりはさみ揚げ,ひき肉を塩・酒・卵・しょうが　少々、片栗粉大さじ１/２と混ぜる。　１のれんこんは水気を切り、薄力粉」をまぶす。形」をなるべくそろえて、ペアをつくっておく。,Minchi,Shio,Sake,Tamago,Syouga,Katakuriko,,,Hand,D,d
212,4dfc4d4986dd0aa8e7b230ac4169723e58597b51,母の鶏のつくね,ボールに挽肉、片栗粉小さじ１、小麦粉、醤油大さじ１、すりおろした生姜を入れ、よく混ぜる。,Minchi,Katakuriko,Komugiko,Syouyu,Syouga,,,,Hand,D,d
213,6e41ab5effc9319c3cccb667ccbba974cc712d0c,じゃがバーグ,じゃがいもがゆであがったら、熱いうちにつぶし、炒めたベーコン、塩コショウ、片栗粉をまぜ、ハンバーグの形にひとつずつまとめる。,Jagaimo,Be-kon,Shio,Kosyou,Katakuriko,,,,Hand,D,d
214,5bd1bd5045cd63d894dca277f912e1708fd67dd5,キャンプ飯！じゃがいものカレーきんぴら,フライパンに油をしいて　熱しベーコンを炒め　火が通ったらじゃがいもを入れ　色が透き通る直前に塩・胡椒・醤油・カレー粉で味をつけ　よく混ぜる。,Be-kon,Jagaimo,Shio,Kosyou,Syouyu,Kare-ko,,,LargeChopsticks,A,a
215,13e29abd1615bbd13ba162d385966005ab0464ea,ポテトの皮がお皿になったポテトグラタン,ベーコン、削ったチーズ､パセリ､粗挽き黒こしょうと塩を加えてよく混ぜる。ポテトの皮のお皿につめ戻し､オーブンで8分（表面に軽くこげ色がつくまで)焼く｡熱いうちにいただく｡,Be-kon,Chi-zu,Paseri,Kosyou,Shio,,,,WoodenSpatula,E,f
216,8c9bbf35c6aa35bd7f14eb3482675f1c9ecd9e6c,大根とベーコンのガーリックゴマサラダ,大根とベーコンをボウルにいれて混ぜ、塩、コショウをして混ぜます。マヨネーズも加えさらにまぜます。,Daikon,Be-kon,Shio,Kosyou,Mayone-zu,,,,LargeChopsticks,F,g
217,94d9155360133d20b876b98baec9d423cc00e884,キャベツとベーコンのガーリックサラダ,ボウルに水をよく切ったキャベツとベーコン、にんにく、マヨネーズをいれて混ぜる。,Cyabetu,Be-kon,Ninniku,Mayone-zu,,,,,LargeChopsticks,B,b
218,23b0222ab519838cc63ef5816ae65b6cabcee042,レンジで豆腐のグラタン　,ベーコンとしめじは適当な大きさに切り、豆腐、マヨネーズ、粉チーズと混ぜる。,Be-kon,Kinoko,Tofu,Mayone-zu,Chi-zu,,,,WoodenSpatula,C,c
219,e4f52a3fd79bae90f2a17a3ad43832224533eacc,キャベツとベーコンのサラダ,キャベツとベーコン、レモン果汁、クレイジーソルト、ブラックペッパーを混ぜてできあがり。,Cyabetu,Be-kon,Remonjiru,Shio,Kosyou,,,,LargeChopsticks,I,e
220,939a3c57bd0d37d9eb4f16816f3a4742f28dd427,簡単☆鶏胸肉の衣焼き,次に衣を作ります。ボールに玉ねぎ、ベーコン、パン粉、粉チーズ、パセリをいれ、混ぜます。,Tamanegi,Be-kon,Panko,Chi-zu,Paseri,,,,LargeChopsticks,A,a
221,df954be515c6ecb8778701d644c48abf908892a1,じゃが芋＋茹で卵のサラダ,粒マスタード・マヨネーズ・牛乳はよく混ぜ合わせておく。,Masuta-do,Mayone-zu,Gyunyu,,,,,,Spoon,A,a
222,862cc25d8e886616109f5b6a0293cb660f94b56e,チーズとマスタードソースのレタスサラダ,マスタードソースを作ります。ボールにマスタード、粉チーズ、塩、胡椒を入れて、よく混ぜる。卵黄を加えて練るようにまぜる。オリーブ油をかき混ぜながら少しずつ加えて、乳化させる。レモン汁、白ビネガーを加えてなじませる。マスタードソース完成。,Masuta-do,Chi-zu,Shio,Kosyou,,,,,Spoon,A,a
223,eb67dea3b96078a90a6058bd63088427b5e2654c,さばの燻製プレート,ソースを作ります。　マヨネーズ、生クリーム、マスタード、しょうゆを混ぜて、刻んだパセリを加えます。,Mayone-zu,NamaKuri-mu,Masuta-do,Syouyu,Paseri,,,,Spoon,A,a
224,a16cb547424dd1d9e5923b884dd27c5480dbb4c9,簡単ミートローフ,ボウルに挽肉を入れ、玉ねぎとパン粉を入れてよくHandで練り混ぜ、次に卵、粒マスタード、ナツメグ、塩こしょうを入れてもったりするまで更に混ぜる。,Minchi,Tamanegi,Panko,Tamago,Masuta-do,Natumegu,Shio,Kosyou,Hand,D,d
225,3c36a8c55221c5da5d858a9bca31367c42e6b5bf,さつまいものマスタード和え,マスタード、マヨネーズ、はちみつを混ぜてソースを作ます。,Masuta-do,Mayone-zu,Hachimitu,,,,,,Spoon,A,a
226,987ef5655a5f52c62bd170f16f7900472ff8d5f9,キャロットサラダ,ボールにマスタード、塩、レモン汁を入れ混ぜる。混ぜながらオリーブ油を加え、ドレッシングを作る。,Masuta-do,Shio,Remonjiru,,,,,,Spoon,B,b
227,1f533599e4d49f6d88709d086630a895669df8e7,かぼちゃとトマトのマスタードサラダ,マヨネーズと粒マスタード、ツナを混ぜ合わせ、塩こしょうで味を調える。,Mayone-zu,Masuta-do,Tuna,Shio,Kosyou,,,,Spoon,B,b
228,44d00468e9b681950b5ca9a5c27ddb45ef012abc,ブロッコリーのマスタード和え,麺つゆとマスタードをボウルに入れて混ぜる。,Mentuyu,Masuta-do,,,,,,,Spoon,B,b
229,e4e7cc949da20244288fe1f653d9a8cc02d8cb27,かぼちゃサラダ,かぼちゃはマッシュして，マヨネーズ，粒マスタードを加えて混ぜ合わせます。,Kabocha,Mayone-zu,Masuta-do,,,,,,WoodenSpatula,H,e
230,dd1478581f39cc57eb0235084ad3561bb1e02c18,硬くなったフランスパンで　　～パン・ペルデュ～,ボールに卵、マスタード、生クリーム、塩・ナツメグ・こしょうをいれ、なめらかになるまでまぜ、卵液をつくる。,Tamago,Masuta-do,NamaKuri-mu,Shio,Natumegu,Kosyou,,,Whisk,A,a
231,dbc6d7697cab150d25d1b4c6cdf3c175b77b3d35,豚ヒレ肉のマスタードチーズ,マスタード、マヨネーズ、チーズを混ぜソースを作る。,Masuta-do,Mayone-zu,Chi-zu,,,,,,Spoon,A,a
232,70a7158e93569387309c8376900042ab66225b20,ナスのムサカ（Patlican Musakka)―研究第一弾,オーブンを190℃(または375F）に温める。なべにマーガリン(またはバター）を熱し、切っておいたたまねぎ、トマト、そして、挽き肉を加えて、少し混ぜる。ふたをして、中火で、10分ほど煮る。,Margarin,Tamanegi,Tomato,Minchi,,,,,LargeChopsticks,E,f
233,01e9a63a9a94e9016f58e5e4ac2591640133f627,スパゲティ・カルボナーラ,生クリームと卵黄をよく混ぜてパルメザンチーズとドライトマトのみじん切りを加えてさっとひと混ぜしておく。,NamaKuri-mu,Ranou,Chi-zu,Tomato,,,,,Whisk,B,b
234,fe777aa968373bcf4e9a1f0c617dc2493e2fcaf8,トマトとザーサイのみぞれあえ,大根おろしは、軽く水気を絞り、トマトに混ぜる。,DaikonOroshi,Tomato,,,,,,,LargeChopsticks,I,e
235,21d13eaa2859219a1f2d86da52199239759272c7,トマト丼,ボールにトマト、しょうが（みじん切りにしたもの）塩を入れてよく混ぜ、10分ほど置く。,Tomato,Syouga,Shio,,,,,,WoodenSpatula,A,a
236,e02f7e39260710ef4b2638cb17f9ce3e6c03fb52,ゴルゴンゾーラとトマトのパスタ,ゴルゴンゾーラをきざみ、トマトとバター、生クリームをあわせ、中火で混ぜながら加熱。,Chi-zu,Tomato,Bata-,NamaKuri-mu,,,,,WoodenSpatula,H,e
237,ea46f78aa8d3f704f860f80c7398789ca7d6a639,ブルスケッタ,ボウルにトマトとみじん切りにしたにんにくを入れ、塩・コショウをして軽く混ぜる。,Tomato,Ninniku,Shio,Kosyou,,,,,LargeChopsticks,I,e
238,f37a593e3aaf1007b254688879408ea8b4aed87c,あさり＆しめじのイタリアン,バター大２を熱し、にんにくを入れて炒める。その後、あさり、トマト、しめじを加え、WoodenSpatulaで混ぜる。,Bata-,Ninniku,Asari,Tomato,Kinoko,,,,WoodenSpatula,F,g
239,42e995a8d7977bb23fd1f9bc8767339c97322707,トマトごはん,とろんとしたトマトに、醤油、塩、胡椒をして、ご飯を加えて混ぜ合わせます。器にもったら、飾りにパセリをちらします。,Tomato,Syouyu,Shio,Kosyou,Gohan,,,,WoodenSpatula,C,c
240,3d72ef520c5a02bc5b6bc833bbab15454e47f133,お家で簡単カプチーノ,コーヒーの入ったカップに、泡立てた牛乳を入れ、Spoonなどで軽くかき混ぜて完成です。,Coffee,Gyunyu,,,,,,,Spoon,A,a
241,dae38d0f2771092f041213658695f06ff5a82308,おHand軽♪ソーダブレッドその１★チョコチップ＆コーヒー,卵をほぐして砂糖、塩、冷ましたコーヒーを混ぜ合わせる。チョコチップを入れる。,Tamago,Satou,Shio,Coffee,,,,,Spoon,A,a
242,3bdc5143cf729b3d9d47a866340bab467a5acaf4,極上☆チュ～イ～チョコチップクッキー,バターをクリーム状に練り、そこへブラウンシュガーを入れてなめらかになるまで練る。さらに卵、バニラエッセンス、インスタントコーヒーを入れてよく混ぜる。,Bata-,Satou,Tamago,Baniraessensu,Coffee,,,,Whisk,A,a
243,ae54d535fb2134ae3e3b2717a3163bcb9081924b,コーヒー牛乳の蒸しパン,蒸し器を火にかけて沸騰させておく。ボウルに牛乳・サラダ油・たまご・さとう・インスタントコーヒー・バニラエッセンスを混ぜておく。,Gyunyu,SaladaAbura,Tamago,Satou,Coffee,Baniraessensu,,,Whisk,B,b
244,34acc7f715f5a96c9bc7256a35397349794b962c,コーヒーのシフォンケーキ,薄力粉、ベーキングパウダー、インスタントコーヒーをよく混ぜ合わせておく。,Hakurikiko,Be-kinguPauda-,Coffee,,,,,,Whisk,A,a
245,ea533c41c5161f8bf63d6ebadfc3b4765c3df3d1,料理？コーヒーホットケーキ,ホットケーキミックスと砂糖とインスタントコーヒーと卵と牛乳をボールに合わせて混ぜまくります。水分が足りないと思ったら牛乳を足し、フライパンへレッツゴー♪,HotCakeMix,Satou,Coffee,Tamago,Gyunyu,,,,Whisk,A,a
246,e4f14aa34d4cffafbe195b3416bdbffe59a3f60e,さくさくナッツクッキー☆コーヒー＆シナモンフレーバー☆,バターはクリーム状に練って砂糖を加えてさらに混ぜます。だいたい混ざったらコーヒーをブランデーで溶いたものを２回に分けて加えその都度よく混ぜます。,Bata-,Satou,Coffee,Burande-,,,,,Whisk,B,b
247,7035ca3f99f3cd62009ad4f74da92d99cabadce4,簡単シャーベットすいか味とコーヒー味,コーヒー味。空牛乳パックを切ってそこに、コーヒーとさとう・牛乳・カスピ海ヨーグルトをいれてまぜ、そのまま冷凍庫で氷らせます。,Coffee,Satou,Gyunyu,Yoguruto,,,,,Spoon,A,a
248,c956b66d6247c0797b5b06fd35530d432f29b6b5,ニラじゃがもちもち,すったじゃがいもの中に、牛肉、ニラ、片栗粉、塩をまぜる。,Jagaimo,Gyuniku,Nira,Katakuriko,Shio,,,,LargeChopsticks,I,e
249,975a83e48af81a92dc8df58e160b608b677e63b4,肉としらたきのきんぴら風,牛肉と砂糖　醤油　みりん　酒を入れて　箸でかき混ぜながら充分に味を染み込ませる。盛り付けてから　ごまを振りかける。,Gyuniku,Satou,Syouyu,Mirin,Sake,,,,LargeChopsticks,I,e
250,ce13f7e3820d1422f01e3ed459ad4df8a795b081,牛肉とジャガイモ炒め,牛肉はしょうゆ、酒で下味をつけ片栗粉を混ぜておきます。じゃがいもは輪切りにして水につけておきます。,Gyuniku,Syouyu,Sake,Katakuriko,,,,,LargeChopsticks,I,e
251,fe84604bcdab0ffa5915bc06200a70a611b3c946,納豆と甘辛く炒めた牛肉を混ぜただけ～。,納豆は、ﾊﾟｯｸについてる辛子とタレを入れて混ぜる。納豆と牛肉をまぜまぜして召し上がれ～。,Natou,Gyuniku,,,,,,,LargeChopsticks,A,a
252,bde57f2f5ac86e2758b1ae3459b8c6be578d693f,ポテトとチーズのハンバーグ,牛肉にしっかり塩コショウをふり、酒、卵、パン粉、片栗粉を、粘りが出るまで混ぜる。しっかり混ざったら3の野菜をいれ混ぜる。,Gyuniku,Shio,Kosyou,Sake,Tamago,Panko,Katakuriko,,LargeChopsticks,A,a
253,9e50c8bb9c093a9b5cb302baa9afe09b18882be6,韓国料理　ジャンサンジョク,牛肉と豚肉と豆腐をボールに入れよくHandで混ぜる。,Gyuniku,ButaNiku,Tofu,,,,,,Hand,D,d
254,7afb8ba41b7257fea4c27787df2a74ae506fb34c,オイスタービーフ元気サラダ☆,フライパンに油を敷き牛肉を炒め、砂糖、醤油、オイスターソース、みりん、お酒を入れおろしたしょうがを入れ混ぜ火を止めます。,SaladaAbura,Gyuniku,Satou,Syouyu,Oisuta-So-su,Mirin,Sake,Syouga,WoodenSpatula,A,a
255,6ee33d95c0ae59816742d036b153385ab9fb5c88,ヘルシー！たけのこたっぷり青椒肉絲！,牛肉は繊維にそって千切りにし、ボウルに入れ、醤油・片栗粉と混ぜます。,Gyuniku,Syouyu,Katakuriko,,,,,,LargeChopsticks,A,a
256,a23b6fbeb1e6587d85d55865adaaf4cdd2f1fd09,圧力鍋で簡単☆我が家のボルシチ風,牛肉は塩、コショウ、ニンニクと混ぜておく。,Gyuniku,Shio,Kosyou,Ninniku,,,,,LargeChopsticks,I,e
257,852b41dfc803312a4bb01e94d955dc2dd74d083f,スズキのポテト包み,ジャガイモは洗って皮をむいて、しばらくお水につけてから大根の千切りのように細く短く切ってから、水気を切っておきます。ローズマリー、ニンニクは細かく切ってからお塩、コショウと混ぜ合わせます。（私は機械を使って細切りにしました、画像参照）,Rosemari-,Ninniku,Shio,Kosyou,,,,,LargeChopsticks,A,a
258,8e1454b2c115b4478038d20bf4a9a6522eee9f7b,ローズマリー＆ガーリックたっぷりのローストラム,ハーブバターをつくる。室温に戻したバターにみじん切りのニンニク、塩こしょう、レモン汁、ローズマリーを混ぜる。これをラム肉にまんべんなくぬり、１時間以上おく（理想は一晩）。,Bata-,Ninniku,Shio,Kosyou,Remonjiru,Rosemari-,,,Spoon,A,a
259,6520fcf23e1872b62f5b843d44368a2722333ace,ポークのローズマリーソース,ローズマリー、ニンニク、塩＆胡椒、オリーブオイルを混ぜあわせてマリネ液をつくります。豚肉に１０分くらいまぶします。,Rosemari-,Ninniku,Shio,Kosyou,Oli-buoilu,,,,Spoon,A,a
260,6e95c2a3bda793505951dfe1f2478961184f9fca,かぼちゃの香草チーズパン粉焼き,パン粉、粉チーズ、ローズマリー、塩、胡椒を混ぜておく。,Panko,Chi-zu,Rosemari-,Shio,Kosyou,,,,LargeChopsticks,B,b
261,c420722934cf6b6e0fc21dd6a6585994d0fd83cd,ローズマリークッキー,ローズマリーをみじん切りにし、ボウルに砂糖・油と一緒に混ぜる。,Rosemari-,Satou,SaladaAbura,,,,,,Spoon,B,b
262,e6bc87c876a7c1c345e0fb740e0f1571f4f77651,ガーリックとローズマリーのローストポテト,テンパンにアルミホイルを敷き（こうすると後始末がラク）、硬くゆでたジャガイモ、にんにく、ローズマリーを入れ、塩コショウを多めにふり、オリーブオイルを上からかけて、Handで良く混ぜる。,Jagaimo,Ninniku,Rosemari-,Shio,Kosyou,Oli-buoilu,,,Hand,A,a
263,bbf2b9ac3e73f3a84793a2ba46ee150b5c36f264,ジャガイモとローズマリーのマフィン,ボウルにヨーグルト、卵、砂糖、塩、胡椒を入れて、フォークか大きなSpoonでぐるぐる掻き混ぜます。刻んだローズマリーとオリーブオイルを10g～20g入れて更に混ぜます。,Yoguruto,Tamago,Satou,Shio,Kosyou,Rosemari-,Oli-buoilu,,Spoon,A,a
264,62e591e3008ab80239139f0fab4b93bea6d4bee7,心温まるローズマリーチキンにラタトゥーユ,保存容器に鶏肉、にんにく、ローズマリー、オリーブオイルを入れて塩、粗挽き胡椒をふりかけて混ぜ合わせ、しばらく漬けておきます。（※1時間ぐらい漬けました）,Toriniku,Ninniku,Rosemari-,Oli-buoilu,Shio,Kosyou,,,LargeChopsticks,I,e
265,a72d1942730e434acaa6811250e0a63c2f660b66,鶏肉のカレーバターソテー野菜添え,大葉は、細かく切り耐熱ボールの中に入れ約3分ぐらいラップをせずにチンする。バターを細かく切りカレーパウダー・ドライローズマリー・塩・こしょうを入れてよく混ぜる。,Bata-,Kare-ko,Rosemari-,Shio,Kosyou,,,,Spoon,A,a
266,41cd5bf173753dcc5cda4b9af7df186f225ffa1c,ホワイトチョコレート＆べリーマフィン,小麦粉、グラニュー糖、ホワイトチョコレートを大きいボールでまぜあわせる。,Komugiko,Satou,Chocole-to,,,,,,Whisk,A,a
267,7c0bfeef8ec9600a62e1aea8bc30892a01782849,簡単★秋色ブラウニー,ボウルにバターを入れ、レンジにかけて（６０℃にセット）溶かし、分量のチョコレート、ココア・三温糖・はちみつを加えてよく混ぜる。更に卵を１コ分づつ加えてよく混ぜる。,Bata-,Chocole-to,Cocoa,Satou,Hachimitu,,,,Whisk,A,a
268,bfdddffb43c1340d45a800c6d4f097283fb397f1,小麦粉不使用！　リッチなガトーショコラ,チョコレートとバターを溶かして、生クリームと一緒に混ぜる。,Chocole-to,Bata-,NamaKuri-mu,,,,,,Whisk,A,a
269,691bc2ddfeb92bf0ab889079f83c352224d53b0c,甘すぎない☆カフェモカケーキ,薄力粉・ＢＰは合わせてふるっておく。牛乳・コーヒー・チョコレートは湯せんにかけて溶かし混ぜる。チョコが溶ければＯＫ！,Gyunyu,Coffee,Chocole-to,,,,,,WoodenSpatula,A,a
270,b4b8e4a66e1523089cdd446f939a9794ba95d940,簡単なのに本格的チョコレートケーキ,別のボールにホットケーキミックス、卵黄、牛乳、溶かしたバターとチョコレートを入れホイッパーでぐるぐる混ぜる。,HotCakeMix,Ranou,Gyunyu,Bata-,Chocole-to,,,,Whisk,B,b
271,1940a457ffb23ca8411f2c6c4a1b05f9a9700b90,チョコチョスコーン,ヨーグルト・チョコ・卵を加え、軽く混ぜる。混ぜ過ぎると膨らみません。,Yoguruto,Chocole-to,Tamago,,,,,,Whisk,B,b
272,1aebe96655382a700f42ecd9407d416edb49a1d0,チョコ豆腐入り揚げ餃子,溶かしたチョコレートと滑らかにした豆腐を混ぜ合わせる。,Chocole-to,Tofu,,,,,,,Whisk,B,b
273,99ad014e4ff5e0b7d06132ec6677d754f15a368a,超簡単☆メロンパン風トースト,マーガリンと練乳、すり下ろしたチョコをよく混ぜます。,Margarin,Rennyu,Chocole-to,,,,,,Whisk,A,a
274,5b3121c2dd92f9e47285ff36d8472fb760ed7788,Oo。まるぼーろ。oO,ボールに卵・砂糖・練乳を入れてWhiskでよく混ぜる。,Rennyu,Tamago,Satou,,,,,,Whisk,B,b
275,c6b0e46c2a5d07fefd95c96c4765805fcac47ac1,ミルクプリン,牛乳、生クリーム、練乳、グラニュー糖をなべに入れて火にかけこげないように、よく混ぜる。,Gyunyu,NamaKuri-mu,Rennyu,Satou,,,,,WoodenSpatula,E,f
276,5a34d87a2dc3d5b03c7dae2ee5f69d5b0f790458,私の好きな卵ボーロ♪,ボールに卵、ハチミツ、練乳、牛乳を加えてよく混ぜ合わす。,Tamago,Hachimitu,Rennyu,Gyunyu,,,,,Whisk,F,g
277,d93c4faf265fce31212806b8616cc36416486874,うまっ！プリップリ～なエビマヨ☆,合わせ調味料をつくる。マヨネーズ、練乳、ケチャップ、レモン、コショウをちょっと大き目のボウルでまぜあわせる,Mayone-zu,Rennyu,Kechapu,Remonjiru,Kosyou,,,,Spoon,B,b
278,4f580cbe8896d56a60473f32896d71a28fe8b27e,混ぜて＠簡単！豆腐のアイスクリーム,ボウルに豆腐を入れてWhiskで潰しかき混ぜて滑らかにする。そこにグラニュウ糖、練乳、卵黄を順に加え、よくかき混ぜる。。すると、とろっとした感じになる。,Tofu,Satou,Rennyu,Ranou,,,,,Whisk,B,b
279,9f1294510492f26aed7614bc60b3ad47ac260e21,よーぐる卵ケーキ,別のボールで卵黄を白っぽくなるまであわ立て、ヨーグルト、練乳、小麦粉を入れよく混ぜる。,Ranou,Yoguruto,Rennyu,Komugiko,,,,,Whisk,B,b
280,9f698587c02953d48c18a620e3fdd81aff3ebaab,シンプル☆チョコレアチーズケーキ,別の大きめのボウルに刻んだチョコレートを入れ湯煎で溶かす。滑らかになったらバター、卵黄、練乳を加えWhiskで混ぜる。,Chocole-to,Bata-,Ranou,Rennyu,,,,,Whisk,A,a
281,92511a1057ab2520094b250c7617344a3ee64591,あま?い練乳のスイートポテトパイ,ボウルに卵を入れよく溶きほぐす。砂糖、さつまも、練乳、牛乳、バニラエッセンスの順に材料を加え、そのつどよく混ぜ合わせる。,Tamago,Satou,Satumaimo,Rennyu,Gyunyu,Baniraessensu,,,LargeChopsticks,B,b
282,8b70eabb8088f3e17f0b3957759ec2cb020b278c,豚ねぎ焼き,ボウルにお好み焼き粉・卵・水100cc・京ねぎの1/3の量・紅生姜を入れて混ぜ、ラードを熱したフライパンで焼き、上に豚肉を広げてのせて残りのねぎをのせて蓋をして、3分位弱火で焦げ目が付くまで焼きます。,Okonomiyakiko,Tamago,Mizu,Negi,Syouga,,,,Whisk,B,b
283,5a136ce333e6e856695a2f22cfee3343b3d853f0,豆腐ねぎ焼き,生地をつくる。お好み焼き粉に卵を加えてよくまぜ、そこに水切りした木綿豆腐を加えてさらによくまぜる。そこへねぎをくわえてまたまたまぜる。,Okonomiyakiko,Tamago,Tofu,Negi,,,,,Whisk,A,a
284,0e46674d67f7772c18ffd2b791a401168b05d21e,カラーピーマンのお好み焼き風＾＾,お好み焼き粉、水を混ぜ、卵、細ネギ、キャベツを混ぜる。柔らかいようだったら粉を足す。あれば揚げ玉も少々入れると美味しい！,Okonomiyakiko,Mizu,Tamago,Negi,Cyabetu,,,,Whisk,F,g
285,7488ce2d076a04a4d40c37447ffddf67de996cc1,ゆで卵のからしマヨネーズ,マヨネーズにからしを加えてよく混ぜる。,Mayone-zu,Masuta-do,,,,,,,Spoon,A,a
286,66d099a1237e3196f79f134fbd9ac21284526f55,菜の花の芥子和え,ボールにからし・砂糖・出汁醤油を入れ混ぜる。菜の花を和える,Masuta-do,Satou,Syouyu,,,,,,Whisk,F,g
287,10b84a78bf34a24773a5d2e8370cf5d985d90c14,ヤマイモネ―ズ,山芋をすりおろし、マヨネーズネギを入れて混ぜる。,Yamaimo,Mayone-zu,Negi,,,,,,Whisk,F,g
288,90010be9f044ac8b908db17b13caeea5d6ed4a92,野菜たっぷりお好み焼き,卵にだし汁を加えて混ぜ合わせ、すりおろした山芋、小麦粉をいれてさっくりと混ぜる。,Tamago,Dashijiru,Yamaimo,Komugiko,,,,,Whisk,B,b
289,606438b0b86c77c5f772f749f23c69bef77c025a,●山芋のお味噌汁●,ボールに卵を解きほぐし、山芋をすりおろし、片栗粉を小さじ1/3くらい入れ、良くかき混ぜておく,Tamago,Yamaimo,Katakuriko,,,,,,Whisk,B,b
290,400b5653ca769cc9a13bb98c42e9e35aef938d51,ネバネバ３兄弟,納豆、おくら、山芋を混ぜ合わせる。,Natou,Okura,Yamaimo,,,,,,LargeChopsticks,A,a
291,0a4723d8b67eff2f68ebcf01c87a4de4fc2e414f,とろろの料亭風揚げ出し,山芋をすりおろして、めんつゆを小さじ１入れ、よく混ぜる。,Yamaimo,Mentuyu,,,,,,,Whisk,A,a
292,c84ea27dbc2d4dade4a0fbdbe0235ab7acc46ea1,豆腐の山芋焼き,ボウルに山芋・卵・豆腐・醤油を入れ、豆腐がよくなじむまで混ぜる。（箸をボウルの底から上げて全体が持ち上がるまで）,Yamaimo,Tamago,Tofu,Syouyu,,,,,LargeChopsticks,I,e
293,109ed85e942e81ea82a9ad7ab9c215212a81959c,鶏胸肉のやわらか焼き,☆山芋ソースを作る。山芋はすりおろし、だし醤油と大葉の細切りを混ぜて、鶏肉にかける（または別皿にしてもよい）,Yamaimo,Syouyu,Oba,,,,,,Spoon,B,b
294,866ae0db9a18d3231e3c10bebc1df9b69e657d3a,山芋のお好み焼き,山芋とキャベツを混ぜ、フライパンで焼きます。,Yamaimo,Cyabetu,,,,,,,Ladle,A,a
295,127ceda5296538663e8a557a095e0a635194f1ec,イングリッシュマフィン,強力粉、薄力粉、塩、砂糖、スキムミルクをボールで混ぜ合わせておく。,Kyourikiko,Hakurikiko,Shio,Satou,Sukimumiruku,,,,Whisk,A,a
296,e17a7fdf98afadce2c75fddbfdf47f822905abc4,おからのビスコッティー,スキムミルクとインスタントコーヒーはお湯で溶き、卵と合わせてよく混ぜておく。,Sukimumiruku,Coffee,Tamago,,,,,,Whisk,B,b
297,b5117c32f6db499afa337c9878f665a8b9d8b2f2,大粒しめじのポテトロール,じゃがいもを茹でて、熱いうちにつぶし、玉ねぎとしめじのみじん切り、スキムミルク、塩少々を混ぜる。,Jagaimo,Tamanegi,Kinoko,Sukimumiruku,Shio,,,,WoodenSpatula,I,e
298,47a3d342fcf3395cdff0edceea1e1ab4de5c4888,スキムきなこもち,スキムミルク、片栗粉、水をなべに入れて、弱火にして、WoodenSpatulaでかき混ぜる。,Sukimumiruku,Katakuriko,Mizu,,,,,,WoodenSpatula,E,f
299,de0670e5049633dd5fd86ba68b7a3c177aea2bb5,もちもち玉子蒸しパン,ボウルに卵黄・牛乳・スキムミルクを入れてよく混ぜる。,Ranou,Gyunyu,Sukimumiruku,,,,,,Whisk,B,b
300,4247e0787e28f96ef9c695deaed36a2b60e1f6b1,ホットケーキミックスで お豆腐パウンドケーキ,ボウルにマーガリンを入れてクリーム状になるまで練り、豆腐・卵・スキムミルクを加えてよく混ぜる。,Margarin,Tofu,Tamago,Sukimumiruku,,,,,Whisk,A,a
301,544347a2cb67798a526caa1baf4f221f31da4360,たまごボーロ,砂糖、スキムミルク、卵を泡立て器で混ぜる。,Satou,Sukimumiruku,Tamago,,,,,,Whisk,B,b
302,84dfbf1e145e8a63cb42e70ef3363b1b5d862121,パンのフィリングに★コーヒークリーム,薄力粉、砂糖、スキムミルク、インスタントコーヒーを耐熱ボウルに入れ、泡立て器でよく混ぜ、牛乳を少量づつ加えてよく混ぜ、電子レンジ（６００ｗ）で２分加熱する。,Hakurikiko,Satou,Sukimumiruku,Coffee,,,,,Whisk,F,g
303,b6320cd6f18578da3b37c650174fd3b2e47b6bda,もちもち栗あんぱん,バターは室温に戻しておく。ボウルに強力粉、上新粉、スキムミルク、塩を入れ泡立て器でかき混ぜる。ドライイースト、はちみつを隣り合わせに置きドライイーストめがけてぬるま湯（夏場は水でも）を注ぐ。,Kyourikiko,Joushinko,Sukimumiruku,Shio,,,,,Whisk,B,b
304,5f87779eacc151e9b48f315f3b7d00b9cc9af22b,鶏皮とししとうの韓国風炒め,コチュジャンと酒、コショウをボールに混ぜ、そこに鶏皮とししとうを入れる。ボールにラップをかけ、しばらく置いておく（1～2時間）、味が染み込むように。,Kochujan,Sake,Kosyou,,,,,,Spoon,F,g
305,7252bd84b8ed622889701479c1682d07754c04be,サンマのぴり辛煮,水・コチュジャン・味噌はよく混ぜ合わせておく。,Mizu,Kochujan,Miso,,,,,,Spoon,A,a
306,6150995450a9720eb714625396337d414bf31080,銀だらのコチュジャン味噌漬け焼き,【漬け込み味噌】を作ります。味噌をみりんで溶いてコチュジャン・酒を加えてよく混ぜます。,Miso,Mirin,Kochujan,Sake,,,,,Spoon,A,a
307,4934eb7643da4471d05ff5dc307ea5a03abe3278,辛い！キュウリの即席キムチ。,コチュジャン・しょうゆ・だし・ごま油・にんにく・生姜を合わせてよく混ぜておく。,Kochujan,Syouyu,Dashijiru,Gomaabura,Ninniku,Syouga,,,Whisk,F,g
308,480b1767cb1c1b8d4dc0262d5effcb851d2cd78e,簡単もっちりチヂミ,漬けダレを作ります。ポン酢にお好みの量のコチュジャン、煎りゴマ、刻みネギを入れ混ぜれば完成。,Ponzu,Kochujan,Goma,Negi,,,,,Spoon,A,a
309,cf0b476fb163df5761d08989e506cc8492fb8396,ビビン麺＠ハリコ風,コチュジャン・はちみつ・酢・しょうゆ・すりゴマ・ニンニク・ネギ・シーチキンを大きめのボウルに入れて、よく混ぜる。,Kochujan,Hachimitu,Su,Syouyu,Goma,Ninniku,Negi,Tuna,Spoon,F,g
310,525141435480a553231b0354cc351bbdf073b842,簡単おつまみ！ピリ辛ヘルシー豆腐☆,コチュジャン、ごま油、水を混ぜ合わせる。(水の量は好みに加減),Kochujan,Gomaabura,Mizu,,,,,,Spoon,A,a
311,c46f947f8ff01285c0510b92efb4a1f93af9f8b3,辛々チャプチェ,豆板醤、砂糖、醤油、コチュジャン、水を混ぜ合わせておく。,Toubanjan,Satou,Syouyu,Kochujan,Mizu,,,,Spoon,B,b
312,4c00571d979102e9bcfdcb018de18a3edaa3c346,韓国風　鯵のたたき丼！,たれを作ります。豆板醤とコチュジャン、ごま油　醤油、みじん切りにしたねぎを混ぜる。,Toubanjan,Kochujan,Gomaabura,Syouyu,Negi,,,,Spoon,E,f
313,db3ac8ae29b1beb45bea1a971bc6890790ee30ba,プデチゲ,温かいダシ汁に調味料(コチュジャン・しょうゆ・すりにんにく・すりしょうが・粉唐辛子・こしょう)を入れてよく混ぜます。,Dashijiru,Kochujan,Syouyu,Ninniku,Syouga,Togarashi,Kosyou,,Spoon,B,b
314,a62bc366206e12c3ad8d15872ed2043e9769caee,とりのコチュマヨ焼き♪,コチュジャンとマヨネーズを混ぜ合わせておく。,Kochujan,Mayone-zu,,,,,,,Spoon,B,b
315,939e92170f5e276b3071e1698d2633f2a4449039,簡単☆即席アイス,クリームチーズは室温で柔らかくしておき、ボールに入れ滑らかな状態にしたら、牛乳を少しずついれて混ぜる。,Kuri-muChi-zu,Gyunyu,,,,,,,Whisk,A,a
316,1c94a1c301b1f159dd60967d16a3f2e253de386c,ブラック＆ホワイトブラウニーズ,フィリングを作る。ボウルに室温で柔らかくしておいたクリームチーズを入れ、砂糖を加えてすり混ぜる。,Kuri-muChi-zu,Satou,,,,,,,Whisk,F,g
317,ee956bececcbbd29338b9b6dc0ab7667ca47c875,ムースフロマージュ,ボウルにクリームチーズを入れてやわらかく練り、卵黄･レモン汁を加え混ぜる。,Kuri-muChi-zu,Ranou,Remonjiru,,,,,,Whisk,F,g
318,29c14601ecf7b042623f4a2f46038a821fed3c97,レアチーズケーキ,耐熱ボールにクリームチーズを入れ、レンジ強で1～2分加熱し、なめらかになるまで混ぜて、ヨーグルト、レモン汁を加えてさらに混ぜる｡,Kuri-muChi-zu,Yoguruto,Remonjiru,,,,,,Whisk,F,g
319,9980e3990b78d740ac76bb3a8fd606a424cf3dcf,「レアチーズケーキ」,これで下準備ができましたね。それではいよいよ作っていきましょう。まず大きめのボールにクリームチーズとヨーグルトを入れ、泡立て器でチーズの粒がなくなるまで、根気よくすり混ぜましょう。これを怠ると、出来上がりのときチーズのツブが残ります。,Kuri-muChi-zu,Yoguruto,,,,,,,Whisk,F,g
320,0b35e16b8c25be76c59991fac675dcb52e932d4e,林檎とお芋でチーズケーキ♪,さつまいもをつぶしながらWoodenSpatulaで全体をよく混ぜ、ボウルに移してクリームチーズとよく混ぜ合わせる。,Satumaimo,Kuri-muChi-zu,,,,,,,WoodenSpatula,I,e
321,23d5812a326b35a6093045ceaaaabc9ed01f6540,ベイクドチーズケーキ,クリームチーズを湯せんに掛けて、柔らかくする。★卵、★砂糖、★薄力粉（ふるっておく）、塩、レモン汁を加えて、混ぜ合わせる。,Kuri-muChi-zu,Tamago,Satou,Hakurikiko,Shio,Remonjiru,,,Whisk,F,g
322,dccc7ee362145ee84251166138f6dd747a221c85,油揚げしない ＜梅肉・チーズのカツレツ＞＿*,ボウルにニンニクをすりおろし（または市販品チューブ入りを活用）、梅肉を切り刻み、クリームチーズとみりんを加えて練り混ぜる。,Ninniku,Ume,Kuri-muChi-zu,Mirin,,,,,Spoon,F,g
323,fb615e87345fe9eff6e35de70e81f664d8462bb7,鮭のごま味噌ホイル焼き☆,ボールにごま味噌タレの材料を入れ、混ぜ合わせる。（味噌・鮭・みりん・砂糖・すりごま・ごま油・醤油・こしょう）,Miso,Syake,Mirin,Satou,Goma,Gomaabura,Syouyu,Kosyou,Spoon,F,g
324,77f7f296b77926795c1b561a1437cfe0b2c218e7,鮭フレーク,ほぐした鮭が湿る程度の酒と白醤油を入れ、弱火にかけて箸でかき混ぜる。,Syake,Sake,Syouyu,,,,,,LargeChopsticks,E,f
325,d9a0a05bcd88d7d539d8c899cc79cfc120ac9ef7,ちょっとのコツで”香ばしコロッケ”,ジャガイモがあついうちに、塩コショウをして、玉ねぎと鮭を混ぜます。皮は入ったまま。ただし、あんまり大きいと、型崩れのもとなので、大きいのは適宜抜いてください。,Jagaimo,Shio,Kosyou,Tamanegi,Syake,,,,LargeChopsticks,I,e
326,78f13c4adb1ed18e769571a0d0d1020b9b337c4e,鮭マヨトースト,鮭フレーク、マヨネーズ、白ゴマ、コショウをぜ～んぶボールに入れよく混ぜる。もし鮭フレークの塩気が薄いようならお好みで塩を入れても。でも、入れなくて充分塩味は付いてると思います。,Syake,Mayone-zu,Goma,Kosyou,,,,,Spoon,B,b
327,c65baa27d2eeed08494ef3d3b25bac1d959b0bd9,いんげんの鮭ディップ,鮭をほぐして、マヨネーズ、みそと混ぜる。,Syake,Mayone-zu,Miso,,,,,,Spoon,B,b
328,15eb97e2014fc6ddf710802116035a7710056f4d,じゃが芋と塩鮭の茶巾☆,クリームチーズと塩鮭をじゃが芋に混ぜて、胡椒と乾燥パセリも混ぜて、サランラップで茶巾に絞る,Kuri-muChi-zu,Syake,Jagaimo,,,,,,WoodenSpatula,I,e
329,6e9ce9322ace670083750d7a6d762f4349ed690e,鮭のメンチ♪ナゲット風,メンチ状の鮭の身と、パン粉、とき卵、マヨネーズを混ぜ合わせ、刻みねぎも加えよく混ぜ、塩コショウで味を整えます。,Syake,Panko,Tamago,Mayone-zu,Negi,,,,LargeChopsticks,A,a
330,4d5c94e6b4562937e703a47e482635222b01246a,蒸し豆腐,ボウルに粗くつぶした豆腐、卵、鮭フレーク（ﾂﾅ）、片栗粉、醤油、酒をいれてまぜます。,Tofu,Tamago,Syake,Katakuriko,Syouyu,Sake,,,Whisk,A,a
331,de34ff7440f7b651907aee4639bbb5f69068bbf7,ふんわりからあげ,鶏肉を適当な大きさに切り、しょうゆ、塩こしょう、にんにくすりおろし、しょうが汁を加えHandで混ぜ込みしばらくおく。,Toriniku,Syouyu,Shio,Kosyou,Ninniku,SyogaJiru,,,Hand,D,d
332,87e6debfd656c1160ea312dd7aec00148878aa25,チンゲンサイのしゅうまい,ボウルに豚挽き肉、玉ねぎ、パン粉、しょうが汁、卵、塩、胡椒を入れよく混ぜる。,Minchi,Tamanegi,Panko,SyogaJiru,Tamago,Shio,Kosyou,,Hand,D,d
333,de14c30f9f7f579bd388b385f04868d257c4baa6,さばの竜田揚げ青じそ巻き,しょうが汁、しょう油、酒をボウルに入れて混ぜる。さばは骨ををはずして（魚屋さんでフライ用におろしてもらうと楽かもです）１枚を６枚に切る,SyogaJiru,Syouyu,Sake,,,,,,LargeChopsticks,A,a
334,f9579135a782067c5fea7f38367f12b31fbcb68c,これでムダなし？！なんでもあえ物,すりごま、醤油、はちみつ、酢、しょうが汁、酒、を混ぜておく。（酢が苦Handな人はごま以外を混ぜてレンジで15～30秒温める）,Goma,Syouyu,Hachimitu,Su,SyogaJiru,Sake,,,Spoon,A,a
335,5a72ec46035e44a262523cd2c87408d41347745b,豆腐としめじの蒸し物,豆腐、しめじ、卵白、しょうが汁、塩をざっくりと混ぜ合わせます。(豆腐の形を大きく残してください),Tofu,Kinoko,Ranpaku,SyogaJiru,Shio,,,,WoodenSpatula,I,e
336,e6041b7fe4e2bd16b169a091b5cbc9f20c700fb8,☆夏のスタミナ料理！豚のしょうが焼き☆,しょうが汁と、酒、みりん、醤油、砂糖を混ぜておく。豚肉は焦げやすいので下味はせず、そのままフライパンで炒める。,SyogaJiru,Sake,Mirin,Syouyu,Satou,,,,Spoon,A,a
337,a0c20625412e9cd8cb3554a7a708646fbd39d9b9,おうち食堂☆温たま高菜とりそぼろ丼。,鍋に鶏ひき肉、しょうが汁、砂糖、酒、しょうゆをいれ、菜ばし数本でグルグル混ぜながら、炒り煮します。,Minchi,SyogaJiru,Satou,Sake,Syouyu,,,,LargeChopsticks,E,f
338,ed75d6662d52833955b7ef481d7882bdab35fbc6,鶏のケチャップ照り焼き,醤油、ケチャップ、オイスターソース、酒、しょうが汁を合わせて混ぜる。,Syouyu,Kechapu,Oisuta-So-su,Sake,SyogaJiru,,,,Spoon,A,a
339,16ced4e105a9d6ab3060e28c844b1c2bf7ff53a6,キャベツと玉子のかけぽん和え,かけぽん酢、しょうが汁、メープルシロップ、いりごまを混ぜ合わせる。,Ponzu,SyogaJiru,MeipuruShiropu,Goma,,,,,Spoon,A,a
340,91506774c0572ce5d2c0d577fba1ec44fe15aa68,★ブロッコリーのかにかまあんかけサラダ★,水に片栗粉、酒、だしの素を混ぜておく,Mizu,Katakuriko,Sake,Dashinomoto,,,,,Spoon,A,a
341,3f5a70ec741422e5efec7acc256e934d701ada50,なめことほうれん草のおひたし,ボウルに砂糖・だしの素・めんつゆ・しょうがの摩り下ろしを混ぜ、味をみて調節しておく。,Satou,Dashinomoto,Mentuyu,Syouga,,,,,LargeChopsticks,F,g
342,c79a7d904e38c920a35c1340ed1c8a0cbc85f8e9,Hand抜きチヂミ,小麦粉にだしの素と塩を混ぜて、水を入れてダマにならないようにかき混ぜる。たまごを割りいれてよく混ぜる。,Komugiko,Dashinomoto,Shio,Mizu,,,,,Whisk,F,g
343,eca7e94b989c7abd5287248657bfb11e8106aa5a,ふんわり出し巻き卵,ボウルに卵・お湯・だしの素・砂糖を入れて空気を入れながら箸でかき混ぜる。（ボウルを少し斜めにして）,Tamago,Oyu,Dashinomoto,Satou,,,,,LargeChopsticks,B,b
344,fb86316bef3cce172343ee9c300d7215528b37b9,ヘルシーふわふわ和風ロコモコ,ボウルに豆腐、ひき肉、玉ねぎ、だしの素、片栗粉をいれて混ぜます。,Tofu,Minchi,Dashinomoto,Katakuriko,,,,,Hand,D,d
345,b1ae1d9cbd4bfbafb5bb7d62ecf26c716699e9da,かんたん！鶏丼,水・醤油・みりん・酒・オイスターソース・だしの素を混ぜ、煮立たせる。,Mizu,Syouyu,Mirin,Sake,Oisuta-So-su,Dashinomoto,,,Ladle,A,a
346,5b50fdcfbd8b78b829d2d6a29f44c4274fc706d0,みんなでワイワイ★お好み焼き★,ボールに薄力粉・だしの素・塩・ベーキングパウダーを入れ、Whiskで混ぜる,Hakurikiko,Dashinomoto,Shio,Be-kinguPauda-,,,,,Whisk,A,a
347,645be1cff2bfb9e96d27f3ff473182d7264b324d,今日のおつまみ♪お刺身キムチ＆ナムル,ボウルに酢、ごま油少々、砂糖、ニンニクのすりおろし、鷹の爪を切ったもの、醤油少々を混ぜて、胡瓜を加え冷蔵庫に置いておく。,Su,Gomaabura,Satou,Ninniku,TakanoTume,Syouyu,,,Spoon,B,b
348,4b847d2b68d8c6ff4625de3f64380769a2753f7d,豚ケバブの冷やしパスタ,ヨーグルト、おろしにんにく、折った鷹の爪、塩、胡椒、醤油を混ぜて漬け汁を作る。塩加減は味見をして多少塩辛い程度（漬け汁だしね）。ここに肉を入れ冷蔵庫で2～3時間漬けておく。,Yoguruto,Ninniku,TakanoTume,Shio,Kosyou,Syouyu,,,Spoon,B,b
349,3571f6d25f9182e0e5464d627307765b35241c52,シンプル★たことエリンギのオイルマリネ,ボールに、オリーブオイル（エキストラバージン）・塩・鷹の爪・にんにくを混ぜ合わせ、たことエリンギを加えてあえる。３０分ほど味をなじませたら完成！辛さに弱い場合は途中で唐辛子を取り出しておく,Oli-buoilu,Shio,TakanoTume,Ninniku,,,,,Spoon,B,b
350,8eca3cb0fd6929d6567b229111246e8fedc51a16,水菜のピリ辛漬け,出し汁(水に粉末だしや液体のダシを入れてもOK)・鷹の爪(種を取る)・塩・醤油・酒・ゴマ油を入れ、よく混ぜ、砂糖少々で味を整える。(お好みでうまみ調味料で調整する）,Dashijiru,TakanoTume,Shio,Syouyu,Sake,Gomaabura,,,Spoon,B,b
351,94a6950ca78659788f0a863a02b40307f437e6a6,簡単３ステップ!韓国風きゅうり漬け,ごま油、醤油、すし酢、豆板醤に、みじん切りにしたにんにく、しょうが、鷹の爪をまぜる。,Gomaabura,Syouyu,Su,Toubanjan,Ninniku,Syouga,TakanoTume,,Spoon,A,a
352,edb45d6aecfc0f8d64956a8cacc7578703bb240f,えのきだけの酒蒸し,器にえのきだけと大根を入れ、こまかく切った鷹の爪と日本酒、しょう油を入れて混ぜる。,Kinoko,Daikon,TakanoTume,Sake,Syouyu,,,,LargeChopsticks,I,e
353,d3aef77e21e11b58e92b72c29c7b6d3a270d7200,Hand羽元の甘酢漬け,たれをつくる。黒酢、ねぎ、鷹の爪、おろし生姜をボウルに入れてよく混ぜる。,Su,Negi,TakanoTume,Syouga,,,,,Spoon,F,g
354,d814c4239af34bf009291e5abb08ae4bd67dfdef,ひじきとかぼちゃのサラダ,ひじき・かぼちゃ・ミニトマトを混ぜます。ほうれんそうやパプリカなどを混ぜてもキレイです。,Hijiki,Kabocha,Tomato,,,,,,LargeChopsticks,I,e
355,ba0fcd9b2256cf2ddd20751233b60735adbacdcc,豆腐とひじきのコロッケ,ゆであがったじゃがいもをつぶし、豆腐とひじきを加えて混ぜ、塩コショウで味をととのえる。,Jagaimo,Tofu,Hijiki,,,,,,WoodenSpatula,H,e
356,e1dd2289d82018a2cb1378731a77fe9c108646db,10．ひじきと蓮根のハンバーグ,ボールに合挽き肉、戻したひじき、玉ねぎ、蓮根、卵、塩コショウを入れ、粘りがでるまで良く混ぜる。,Minchi,Hijiki,Tamanegi,Renkon,Tamago,Shio,Kosyou,,Hand,D,d
357,4b157d2f4074f337fb255cd522f8e713e4af4d9c,残ったひじき煮で卵焼き♪,ボールにたまごを割りほぐし、ひじきの煮物と青ネギを入れて混ぜます。,Tamago,Hijiki,Negi,,,,,,LargeChopsticks,F,g
358,70d2c5c7b97b35e02920e65b362dc1424df83ad1,麦の友シリーズ1　「生ひじきとほうれん草のツナサラダ」,ボウルに生ひじき、ツナ缶、マヨネーズ、塩、胡椒、レモン汁を入れまぜます。,Hijiki,Tuna,Mayone-zu,Shio,Kosyou,Remonjiru,,,Spoon,B,b
359,74235a1a5c4e3fc1e7c44fa4873c224a96f98bd6,ソウルの朝の屋台を和風にアレンジ☆,ひじきと卵を混ぜる。ひじきの煮汁が入ると、卵がふんわりします。但し煮汁が多すぎると固まりませんので、軽く汁気を切ったくらいが良いです。薄味のひじきでしたら、しょうゆと砂糖をお好みで足してください。,Hijiki,Tamago,,,,,,,LargeChopsticks,F,g
360,1132214b8e47fb86984ac6e83e8c617e62155170,ひじきとツナの大根サラダ,ボールに塩を洗い軽く絞った大根、水気を切ったひじき、ツナ、マヨネーズ、塩こしょう、ごま油を加え混ぜる。お皿に盛ってごまをふりかけできあがり♪,Daikon,Hijiki,Tuna,Mayone-zu,Shio,Kosyou,Gomaabura,,LargeChopsticks,I,e
361,2d09ac15c1a88bb48f0911cf150d7c589671b8a9,じゃがいもとおかひじきとジャコのチヂミ,じゃがいもをすりおろし、片栗粉と塩と、おかひじきをまぜあわせます。,Jagaimo,Katakuriko,Shio,Hijiki,,,,,WoodenSpatula,I,e
362,173604d008c7bd97745a782e43128805e7faab34,じゃがいものチヂミ,じゃがいもに豚肉･キムチ･ニラを混ぜ、ごま油をひいたフライパンに4等分して平たくのせ焼く。中火くらいでこんがり焼き色がつくまで焼く。裏返したら少し押さえ、裏もこんがり焼いて出来上がり。,Jagaimo,ButaNiku,Kimuchi,Nira,,,,,LargeChopsticks,I,e
363,6cb99c80aed954b0212f9f4f93d0b53c8d54da6b,簡単うまい！納豆キムチパスタ,納豆、たまごの黄身、キムチの素をあわせて良く混ぜる。,Natou,Ranou,Kimuchi,,,,,,LargeChopsticks,A,a
364,7ac7576b48731f7a8e3d0fc73a2784d6036b7ba8,簡単♪キムチスパ,ボウルに切ったキムチとマヨネーズ、塩、コショウ、あれば生クリームを入れてよくかき混ぜます。,Kimuchi,Mayone-zu,Shio,Kosyou,NamaKuri-mu,,,,Spoon,B,b
365,12d11e1a2038df381aeb185f8ff5c91ce478799d,キムチとめんたいこのスパゲティ,フライパンを中火にして、バターを熱します。フライパンをゆすりながら、火加減に注意をして、バターが溶けたら火を止め、キムチとたらこを入れよく混ぜあわせておきます。,Bata-,Kimuchi,Tarako,,,,,,LargeChopsticks,A,a
366,6c0b8fa9985e3178ca6e1865816043e55769fafb,絶品！キムチカルボナーラ,ボールに全卵、卵黄、生クリーム、キムチ、パルメザンチーズを入れよく混ぜる。このときにキムチの汁ごとたっぷりいれるのがポイントです。,Tamago,Ranou,NamaKuri-mu,Kimuchi,Chi-zu,,,,LargeChopsticks,F,g
367,e5c916061c35bdaefb74dd3ab99ccbe589517625,♪市販のキムチをもっと辛く！擬似本格風キムチ♪,市販のキムチに韓国産唐辛子を混ぜます。（※７００グラムに大さじ２～３にしてます。）,Kimuchi,Togarashi,,,,,,,LargeChopsticks,I,e
368,8ae5b3ebdb6d26c07bba8f3c78ff6a2bc1129736,鶏々棒風＠茹で鶏サラダ,マヨネーズ、キムチの素、ガーリック、すりゴマを混ぜ合わせ、ソースをつくります。ラップにくるんでテープで留めて、使う時楊枝を挿して搾り出すと細く出せます。（お弁当によく使うHandです）,Mayone-zu,Kimuchi,Ninniku,Goma,,,,,Spoon,B,b
369,2ffce4a0a96c6262b224f029e82d76a69a3727e6,ポテトグラタン,フライパンにひき肉と玉ねぎを入れ炒める。レトルトのミートソースを加え、じゃがいもも入れて混ぜる。,Minchi,Tamanegi,Mi-toSo-su,Jagaimo,,,,,LargeChopsticks,A,a
370,7e47c1a37abb48931a5b3a23e735db0b99503484,今日のライスコロッケ,ボウルにご飯、ミートソース、塩コショウ、粉チーズを入れてまぜまぜ,Gohan,Mi-toSo-su,Shio,Kosyou,Chi-zu,,,,WoodenSpatula,I,e
371,d6e199ce90736061af7023f9e874ffa08b9e6297,簡単☆ミートソースパスタのチーズ和え,フライパンでミートソースをあたため、そこに茹でたパスタを入れて混ぜる。,Mi-toSo-su,Pasuta,,,,,,,LargeChopsticks,E,f
372,de49e054d9916166c4e892b3e680972b5e84b7fd,簡単、ヘルシー、ラザニア風の何か,耐熱皿にミートソースとヨーグルトを入れてよく混ぜます。,Yoguruto,Mi-toSo-su,,,,,,,Spoon,A,a
373,e94c6e8ca82251cbe0f28ea5242b7c63ce4a7c8d,アボカドと豆腐のミートソースグラタン☆,★豆腐とアボカド（皮をむいた）を一口大に切る。★ミートソース缶にしょうゆを入れて混ぜる。,Mi-toSo-su,Syouyu,,,,,,,Spoon,A,a
374,676995bfdd6fe56fc508fa1d433a1792281cc68c,コッテージパイ,フライパンに油とにんにくを入れて火をつけ、香りがたったらひき肉を炒めてミートソースを混ぜる。,SaladaAbura,Ninniku,Minchi,Mi-toSo-su,,,,,WoodenSpatula,H,e
375,cbefde8af8566feecb172a4b241ac3759b9e42bd,キャラ弁☆ウルトラマン弁当☆,お鍋にミートソースを入れフツフツしてきたら牛乳と粉チーズを入れ混ぜる。こうすると円やかになり子供が食べやすくなります。,Mi-toSo-su,Gyunyu,Chi-zu,,,,,,WoodenSpatula,H,e
376,16f42d144ab7132dc68b18e369c8d3042ad4c10e,しらすむすび,ボールにごはんとしらすをいれて、醤油をまわしがける。箸でごはんをほぐすようによくまぜる。ラップにつつんでにぎる。,Gohan,Shirasu,Syouyu,,,,,,LargeChopsticks,C,c
377,e5690dd54a684a5765a000eee6d123f516c56d60,簡単☆しらすと青じその混ぜごはん,器にしらす干を入れ、しょうがの絞り汁を振って混ぜ合わせる。,Shirasu,SyogaJiru,,,,,,,LargeChopsticks,I,e
378,6e8364a92ad4fa08152161b647e9bcfebcb10c01,トマトの和え物,ボウルに、トマト、紫蘇、しらすを入れて、酢、醤油を加えて混ぜる。,Tomato,Aojiso,Shirasu,Su,Syouyu,,,,LargeChopsticks,I,e
379,14464e11bfe7ff95fe8205c9db4ab0a523b11793,しらすと山芋のカリふわ揚げ,すりおろした山芋としらす、卵、片栗粉を混ぜて塩こしょうで味を調える,Yamaimo,Shirasu,Tamago,Katakuriko,,,,,Whisk,B,b
380,4c1829ad84e5be69ae768ee6200cd0c5c3452fda,☆七夕ごちそうめん☆,《明太しらすにぎり》明太子のハラを裂き、中身をほぐし出します。ボールにごはん、明太子、大葉、しらすを入れてしゃもじで切るように混ぜます。,Gohan,Mentaiko,Oba,Shirasu,,,,,WoodenSpatula,C,c
381,63900a328bb7fa9da8108015502b51bce1e6b1f2,アボカドの梅しらすドレッシング,梅は種を取って叩いて、ポン酢にしらすと叩き梅を入れて混ぜる。,Ponzu,Shirasu,Ume,,,,,,Spoon,B,b
382,fa1e3217435a207677e2b073f660a004afa0ad9c,きゅうり＆しらすのみぞれ和え,大根おろしが入ったボールに水気を切ったきゅうり・しらすを入れて軽く混ぜ合わせたら出来上がりです。,DaikonOroshi,Kyuri,Shirasu,,,,,,LargeChopsticks,I,e
383,f1d8c058978de74b63067d108fe0e62092b19677,欲張りさんの^艸^醤油バター焼きおにぎり,ご飯にしらす・ピザ用チーズ・白ごま・麺つゆを入れて混ぜる。,Gohan,Shirasu,Chi-zu,Goma,Mentuyu,,,,WoodenSpatula,C,c
384,f2e5a58f4849f56d0ceeb3535ccbba5d74013efc,マーブルチーズケーキ,クラッカーを細かくつぶしてボウルにいれ、ココアを混ぜる。,Kurakka-,Cocoa,,,,,,,Whisk,F,g
385,77450b3a6d154c734d3b3f231f772ac9d438130e,アメリカ家庭料理　ミートボール,牛ひき肉、塩、こしょう、卵、みじん切りにしたにんにく、砕いたクラッカーをボウルに入れてよく混ぜる。ミートボールを作る。,Minchi,Shio,Kosyou,Tamago,Ninniku,Kurakka-,,,Hand,D,d
386,33f2a3484e14a0e27d5661576816a11b2ae5e7df,☆低カロリー！ニューヨークチーズケーキ☆,グラハムクラッカーと牛乳大さじ１を混ぜる。,Kurakka-,Gyunyu,,,,,,,Whisk,A,a
387,a9095fa3e486e509915479504e1f001efa336e60,レモン風味チーズスクエア,ボウルにグラハムクラッカー、小麦粉、ブラウンシュガー、冷たいマーガリンを入れスケッパーやフォークの背などで切混ぜる。,Kurakka-,Komugiko,Satou,Margarin,,,,,Spoon,C,c
388,a67c652f566eb64c8554ab8a55d7941892fad187,3分リゾット,ごはん、トマトジュース、塩・こしょうを皿に入れ、軽くまぜる。,Gohan,Tomatoju-su,Shio,Kosyou,,,,,WoodenSpatula,C,c
389,46eb53b68d24fb9199cd59c30cd915acdbed8fa3,朝つみブルーベリージャムとトマトスコーン,ホットケーキミックスをボールに入れ、トマトジュースを少しずつ入れながら混ぜる。,HotCakeMix,Tomatoju-su,,,,,,,Whisk,F,g
390,dd6a726d7bbb4a0d5a4bf9143236de6e063578c8,トマトと舞茸の冷製パスタ,②トマトジュースにお味噌を入れて混ぜておく。,Tomatoju-su,Miso,,,,,,,Spoon,A,a
391,ed78e3a730740647581fa19478f74cee62765a10,トマトジュース好き☆マフィン☆,ボウルに卵を割りいれ解きほぐし、バター、トマトジュースをいれ、まぜる。,Tamago,Bata-,Tomatoju-su,,,,,,Whisk,F,g
392,5f90b949f9414044d8cb421293e1e1a69a15f60f,梅のパスタサラダ,ボールにサラスパと大根おろしと梅と醤油を入れ、さっくりと混ぜ、皿に盛る。,Pasuta,DaikonOroshi,Ume,Syouyu,,,,,LargeChopsticks,C,c
393,a178b6c4ac67b2ca273e891657482f5fe4d930a1,揚げなすの青しそおろしあえ,大根おろしは水気をきってからボールにいれ、酢、塩、醤油をいれてよく混ぜる。,DaikonOroshi,Su,Shio,Syouyu,,,,,Spoon,B,b
394,3e58fe588ad5e8a533be98791230419c52d67df8,納豆卵焼き,ボウルに卵を割りほぐし、納豆、２センチぐらいに切ったニラを入れ、混ぜる。,Tamago,Natou,Nira,,,,,,LargeChopsticks,B,b
395,d6dce083d9db3c85bc6dfd0ae618b3629f905bb2,はなびし草のニンニク入りカリカリの焼き餃子,ニンニク、にら、しょうが、ネギはみじん切りにしてミンチと片栗粉と合わせてよく混ぜる。,Ninniku,Nira,Syouga,Negi,Minchi,Katakuriko,,,Hand,D,d
396,17cee7701748e4ef1309cc732b7566968cd7130e,栗！？レンコンのもっちりカリカリ揚げ,れんこん・片栗粉・塩コショウ・卵をよく混ぜる。海老は具にして包んでもいいし、刻んで混ぜてもいい。,Renkon,Katakuriko,Shio,Kosyou,Tamago,,,,LargeChopsticks,F,g
397,89f9c32ffee218c82e8a2646589538ed0a5e6485,美肌★豆乳鍋,鶏挽肉にみじん切りしたれんこん、生姜、長ねぎ、黒白ごま、醤油、ごま油を加え、粘りが出るまで混ぜる。,Minchi,Renkon,Syouga,Negi,Goma,Syouyu,Gomaabura,,Hand,D,d
398,ba759a4755d6adbff46c26826191590e949949ef,休日の朝に　ミルキーメイプルトースト,練乳とメイプルシロップを混ぜ合わせる。,Rennyu,MeipuruShiropu,,,,,,,Spoon,A,a
399,1e0e88daad6014a4b8008ca35fe9c8a829b283aa,お豆腐☆ホットケーキ,ボウルに卵を割りほぐし、豆腐とメイプルシロップを加えて滑らかになるまでよく混ぜる。,Tamago,Tofu,MeipuruShiropu,,,,,,Whisk,B,b
400,7f50548e86db0a0c9eee4478ad9a693decab1030,簡単チョコソフトクッキー,卵白に明治ミルクココアを大さじ1杯入れたものをLadleでかき混ぜます。,Ranpaku,Cocoa,,,,,,,Ladle,A,a
401,0787b7eea7be7dcc453205d35d0ae7b2213e84fd,白身魚のカレー味ｄｅフリッター　,卵白に塩を少々入れ、メレンゲ状になるまで混ぜる。小麦粉・片栗粉・カレー粉を入れる。サックリ混ぜたら牛乳を入れる。,Ranpaku,Shio,,,,,,,Whisk,B,b
402,d5baeff41473d561c7e2967240e12ebaac2cd695,さつまいもでスティッククッキー,さつまいもはフォークなどで粗くつぶし、はちみつ・牛乳・サラダ油を加えてよく混ぜる。,Satumaimo,Hachimitu,Gyunyu,SaladaAbura,,,,,WoodenSpatula,C,c
403,02689604b3c221337360ecbc118a0a416cbf3ea3,かぼちゃとさつまいものヨーグルトサラダ,蒸しあがったかぼちゃとさつまいもをボールに入れ、ヨーグルトと酢を2対1の割合で混ぜる。（少し形が残るくらいに混ぜる）,Kabocha,Satumaimo,Yoguruto,Su,,,,,WoodenSpatula,C,c
404,b4d08e47570dbd563c5d65a911d45b4401cb3903,意外と簡単！Hand打ちパスタ,強力粉、卵、塩、オリーブオイルをボールに入れ、押し混ぜる。最初はぼろぼろしているのを、少しずつまとめていく。,Kyourikiko,Tamago,Shio,Oli-buoilu,,,,,Hand,D,d
405,de80d02d5e86a4215d637ce87b08dac6e30e909c,黒糖ゴマクッキー,オリーブオイル、砂糖、牛乳、ゴマ、強力粉をそのつどよく混ぜていきます。,Oli-buoilu,Satou,Gyunyu,Goma,Kyourikiko,,,,Whisk,B,b
406,67804f4024f03bf56ef2f8094ec14557c6ac8a9b,おとうふだんご！,上新粉に豆腐をつぶしながら混ぜ、よくこねる。,Joushinko,Tofu,,,,,,,Hand,D,d
407,e091a94e9ec232eb39384cc144523282b2e120a9,お月見うさぎ,ボウルに上新粉・片栗粉・砂糖を入れて熱湯を一気に注ぐ。LargeChopsticksでよく混ぜる。,Joushinko,Katakuriko,Satou,Oyu,,,,,LargeChopsticks,B,b
408,4a2fda418e742e437f39bf7ae0fdc9caf5b80aa5,いろいろキノコの炒め物,合わせ調味料を作ります。ボウルに鶏がらスープ、オイスターソース、醤油、酒、塩、胡椒を入れて混ぜ合わせます。,TorigaraSu-punomoto,Oisuta-So-su,Syouyu,Sake,Shio,Kosyou,,,Ladle,A,a
409,0bf694492e177e2c6c3a4a3e2eb2794f93b6300c,★とろとろ～豚肉と大根オイスター煮込丼★,卵とマヨネーズと鶏がらスープの素を混ぜて、フライパンにサラダ油を引いて、ふわふわ玉子焼きを作り、丼ごはんの上に乗せる。,Tamago,Mayone-zu,TorigaraSu-punomoto,,,,,,LargeChopsticks,F,g
410,617926dd41a718ef81046bce4d6ee76ab1832c45,あさりの洋風炊き込みご飯,ごはんが炊き上がったら万能ネギとあさりの身を入れて、かきまぜて出来上がり。そのまま少し保温しておくと万能ネギにもいい具合に火が通ります。,Gohan,Negi,Asari,,,,,,WoodenSpatula,C,c
